16661984,Add To Harvest Now %n %n %n
16661984,Add To Harvest Now %n %s %n
16661984,Check Recipe %n
16661984,Place Block %s %s
16661984,Plant Seeds %n %n
17647115,Enter close app command
21915960,Try Again
24694037,Append %s
24694037,Place Block %s %s
24694037,Plant Seeds %n %n
25142995,Add To Harvest Now %n %n %n
25142995,Add To Harvest Now %n %s %n
25142995,Check Recipe %n
25142995,Place Block %s %s
25142995,Plant Seeds %n %n
25772183,Add To Harvest Now %n %n %n
25772183,Add To Harvest Now %n %s %n
25772183,Check Recipe %n
25772183,Place Block %s %s
25772183,Plant Seeds %n %n
25990996,rostok
32197274,Jump X %n
32197274,Jump Y %n
39655788,keyshow %s
40699482,Append %s
41060588,Being Backstage
41060588,Being Dining Area
41060588,Being Dining Room
41060588,Being Easthall
41060588,Being Easthallcorner
41060588,Being in closet
41060588,Being in Dining Area
41060588,Being in stage
41060588,Being Kitchen
41060588,Being Office
41060588,Being Restrooms
41060588,Being Stage
41060588,Being Westhall
41060588,Being Westhallcorner
47093646,sierpinski %n %n
51206388,score
58566798,nothing
60234624,Chach in to bettel
64438746,power up loop cycle
70261618,position %n %n
70448194,Being 01
70448194,Being 02
70448194,Being 03
70448194,Being 04
70448194,Being 06
70448194,Being 07
70448194,Being 10
70448194,Being Parts&Service
70448194,Being Showstage
70521696,make a %n repeat of kotch curve with a length of %n
74204598,Add To Harvest Now %n %n %n
74204598,Add To Harvest Now %n %s %n
74204598,Append Number %n
74204598,Check Recipe %n
74204598,Place Block %s %s
74204598,Plant Seeds %n %n
76734366,%n %s
78214482,Append %s
78214482,Place Block %s %s
79246118,clutch open %n
79246118,nev veh %n
80500408,the whole password thing
81462656,Delete Linked %n %n
81462656,Fix Block %n
81462656,Place Block %n %n
81661238,spawn
82670366,'to get' relics %n (max %n )
82670366,check %n
82670366,reset chars %n (max %n )
83553396,refresh %b
86543799,play s1 at tempo: %n
86907177,Add To Harvest Now %n %n %n
86907177,Add To Harvest Now %n %s %n
86907177,Append Number %n
86907177,Check Recipe %n
86907177,Place Block %s %s
86907177,Plant Seeds %n %n
86915276,Being 01
86915276,Being 02
86915276,Being 03
86915276,Being 04
86915276,Being 05
86915276,Being 06
86915276,Being 07
86915276,Being Game Area
86915276,Being Office MainHall
86915276,Being Parts&Service
86915276,Being Showstage
87035855,Add To Harvest Now %n %n %n
87035855,Add To Harvest Now %n %s %n
87035855,Append Number %n
87035855,Check Recipe %n
87035855,Place Block %s %s
87035855,Plant Seeds %n %n
87293045,Asteroid
87404912,say can you see me!
87975625,Add To Harvest Now %n %n %n
87975625,Add To Harvest Now %n %s %n
87975625,Append Number %n
87975625,Check Recipe %n
87975625,Place Block %s %s
87975625,Plant Seeds %n %n
88669483,play s1 at tempo: %n
88709756,Dig Up %n
88709756,Is Tree %n last tmp %n
88709756,Next Action
88709756,Open Inventory %n
89096613,Add To Harvest Now %n %n %n
89096613,Add To Harvest Now %n %s %n
89096613,Append Number %n
89096613,Check Recipe %n
89096613,Place Block %s %s
89096613,Plant Seeds %n %n
89117721,Add To Harvest Now %n %n %n
89117721,Add To Harvest Now %n %s %n
89117721,Append Number %n
89117721,Check Recipe %n
89117721,Place Block %s %s
89117721,Plant Seeds %n %n
90436995,move up if touching ground
90556231,Being 01
90556231,Being 02
90556231,Being 03
90556231,Being 04
90556231,Being 05
90556231,Being 06
90556231,Being 07
90556231,Being Game Area
90556231,Being Office MainHall
90556231,Being Showstage
90953608,annuler
90953608,Choix
90953608,costume
90953608,cr??er
90953608,taille
91207020,forever gun script
91207020,forever hurt script
91207020,forever key script
91207020,forever walk script
91207020,forever y vel. script
91207020,health
91207020,loop
91207020,walk
91207020,walk fast
91507182,'to get' relics %n (max %n )
91507182,check %n
91507182,reset chars %n (max %n )
91996977,Being 01
91996977,Being 02
91996977,Being 03
91996977,Being 04
91996977,Being 05
91996977,Being 06
91996977,Being 07
91996977,Being Game Area
91996977,Being Office MainHall
91996977,Being Showstage
92133770,Is Tree %n last tmp %n
92133770,Next Action
92133770,Open Inventory %n
92133770,Pickup Message, item %n count %n
92133770,Place (direct) %n %n
92146383,Delete Linked %n %n
92146383,Fix Block %n
92146383,Place Block %n %n
92205187,crash (>:D)
92348257,coc %n %n
92614887,Add To Harvest Now %n %n %n
92614887,Add To Harvest Now %n %s %n
92614887,Append Number %n
92614887,Check Recipe %n
92614887,Place Block %s %s
92614887,Plant Seeds %n %n
92899362,Being 01
92899362,Being 02
92899362,Being 03
92899362,Being 04
92899362,Being 05
92899362,Being 06
92899362,Being 07
92899362,Being Showstage
93291628,Delete Linked %n %n
93291628,Fix Block %n
93291628,Place Block %n %n
93534135,clona
93618748,evaluate IIL segment from %n to %n
93939608,????????????
93949043,Being 01
93949043,Being 02
93949043,Being 03
93949043,Being 04
93949043,Being 05
93949043,Being 06
93949043,Being 07
93949043,Being Office MainHall
93949043,Being Showstage
93975921,Scan %n %n
94034881,Add To Harvest Now %n %n %n
94034881,Add To Harvest Now %n %s %n
94034881,Append Number %n
94034881,Check Recipe %n
94034881,Place Block %s %s
94034881,Plant Seeds %n %n
94290496,power up loop cycle
94317211,Delete Linked %n %n
94317211,Fix Block %n
94317211,Place Block %n %n
94365018,parse integer
94365018,parse octave
94365018,skip space
94725270,forever gun script
94725270,forever hurt script
94725270,forever key script
94725270,forever walk script
94725270,forever y vel. script
94725270,health
94725270,loop
94725270,walk
94725270,walk fast
94726133,Append %s
94748363,Is Tree %n last tmp %n
94748363,Next Action
94748363,Open Inventory %n
94748363,Pickup Message, item %n count %n
94748363,Place (direct) %n %n
94794237,dance %n
95099968,position %n %n
95307172,Set drama to %n
95335017,???????? ??????????
95371701,WhichSong?
95457018,manzana
95457018,mover pelota
95477628,position %n %n
95533832,RunShape
95608197,when unicorn says i am ready person
95644050,Lag1
95644050,Lag10
95644050,Lag2
95644050,Lag3
95644050,Lag4
95644050,Lag5
95644050,Lag6
95644050,Lag7
95644050,Lag8
95644050,Lag9
95719918,runQuery
95816689,move up when up arrow is clicked
95892225,Pacing %n
95945009,Set Costume %n
95949373,Set Costume %n
96144659,eeeeee
96223027,AddSong
96255497,Add To Harvest Now %n %n %n
96255497,Add To Harvest Now %n %s %n
96255497,Append Number %n
96255497,Check Recipe %n
96255497,Place Block %s %s
96255497,Plant Seeds %n %n
96285399,next backdrop
96362657,Walk %n %n max step %n
96400727,well, if you're that good, you'll glitch the score function
96468455,move
96518703,vidas
96547116,Is Tree %n last tmp %n
96547116,Next Action
96547116,Open Inventory %n
96547116,Pickup Message, item %n count %n
96547116,Place (direct) %n %n
96564883,Being 01
96564883,Being 02
96564883,Being 03
96564883,Being 04
96564883,Being 05
96564883,Being 06
96564883,Being 07
96564883,Being Game Area
96564883,Being OfficeMainHall
96564883,Being Parts&Service
96564883,Being Showstage
96564883,mangle hall
96564883,stage 1
96688788,Delete Linked %n %n
96688788,Fix Block %n
96688788,Place Block %n %n
96713547,New customer
96713547,Reset clothing
96768830,move up if touching ground
96775530,move 50
96780130,Is Tree %n last tmp %n
96780130,Next Action
96780130,Open Inventory %n
96780130,Pickup Message, item %n count %n
96780130,Place (direct) %n %n
96860906,Is Tree %n last tmp %n
96860906,Next Action
96860906,Open Inventory %n
96860906,Pickup Message, item %n count %n
96860906,Place (direct) %n %n
96872978,Say Correct
96892906,use again?
96893906,Add To Harvest Now %n %n %n
96893906,Add To Harvest Now %n %s %n
96893906,Append Number %n
96893906,Check Recipe %n
96893906,Place Block %s %s
96893906,Plant Seeds %n %n
96903572,position %n %n
96952043,Being 01
96952043,Being 02
96952043,Being 03
96952043,Being 04
96952043,Being 05
96952043,Being 06
96952043,Being 07
96952043,Being Game Area
96952043,Being OfficeMainHall
96952043,Being Parts&Service
96952043,Being Showstage
96952043,mangle hall
96952043,stage 1
96974019,Being 01
96974019,Being 02
96974019,Being 03
96974019,Being 04
96974019,Being 05
96974019,Being 06
96974019,Being 07
96974019,Being Game Area
96974019,Being OfficeMainHall
96974019,Being Parts&Service
96974019,Being Showstage
96974019,mangle hall
96974019,stage 1
97162598,Loop
97177622,Sierpinski %n %n
97177855,Sierpinski %n %n
97180678,Walk %n %n max step %n
97180988,Walk %n %n max step %n
97194795,Is Tree %n last tmp %n
97194795,Next Action
97194795,Open Inventory %n
97194795,Pickup Message, item %n count %n
97194795,Place (direct) %n %n
97210935,%n %n
97210935,k
97221371,position %n %n
97240889,Being 01
97240889,Being 02
97240889,Being 03
97240889,Being 04
97240889,Being 05
97240889,Being 06
97240889,Being 07
97240889,Being Showstage
97241150,CODE
97304604,monster feeling %b
97309744,Add To Harvest Now %n %n %n
97309744,Add To Harvest Now %n %s %n
97309744,Append Number %n
97309744,Check Recipe %n
97309744,Place Block %s %s
97309744,Plant Seeds %n %n
97328755,dropchafee
97328755,dropchristie
97328755,dropfiorina
97328755,droplisseg
97328755,dropomalley
97328755,droppaul
97409517,uru
97452769,Respawn %b
97456289,Quicksort %n %n
97462678,sort from %n to %n
97464552,position %n %n
97596137,Being 01
97596137,Being 02
97596137,Being 03
97596137,Being 04
97596137,Being 05
97596137,Being 06
97596137,Being 07
97596137,Being Office MainHall
97596137,Being Showstage
97652566,Add To Harvest Now %n %n %n
97652566,Add To Harvest Now %n %s %n
97652566,Append Number %n
97652566,Check Recipe %n
97652566,Place Block %s %s
97652566,Plant Seeds %n %n
97659588,spirale %n %n
97680550,position %n %n
97684731,forever gun script
97684731,forever hurt script
97684731,forever key script
97684731,forever walk script
97684731,forever y vel. script
97684731,health
97684731,loop
97684731,walk
97684731,walk fast
97686224,Delete Linked %n %n
97686224,Fix Block %n
97686224,Place Block %n %n
97697719,Walk %n %n max steep %n
97726611,Delete Linked %n %n
97726611,Fix Block %n
97726611,Place Block %n %n
97775052,Joint calculated dots %n %n %n %n %n %n
97775052,recursion
97787490,Is Tree %n last tmp %n
97787490,Next Action
97787490,Open Inventory %n
97787490,Pickup Message, item %n count %n
97787490,Place (direct) %n %n
97832486,YOU WIN
97839044,Ask colour pen?
97839044,Ask pen?
97937956,game start bats
97956546,clutch open %n
97956546,nev veh %n
97961530,Walk %n %n max step %n
97981047,move to block
97999068,Run %s
97999587,BLOCK1 %b %b %b %b
98005315,Respawn %b
98005432,Convert hexadecimal %s with token size %n using charset %s
98013704,Ask minus
98013704,Ask mul Question
98013704,Ask plus
98013704,Asq dev Question
98055822,Debug *costume_combination.bug*
98082246,Add To Harvest Now %n %n %n
98082246,Add To Harvest Now %n %s %n
98082246,Append Number %n
98082246,Check Recipe %n
98082246,Place Block %s %s
98082246,Plant Seeds %n %n
98093977,Is Tree %n last tmp %n
98093977,Next Action
98093977,Open Inventory %n
98093977,Pickup Message, item %n count %n
98093977,Place (direct) %n %n
98103381,Is Tree %n last tmp %n
98103381,Next Action
98103381,Open Inventory %n
98103381,Pickup Message, item %n count %n
98103381,Place (direct) %n %n
98105838,Add To Harvest Now %n %n %n
98105838,Add To Harvest Now %n %s %n
98105838,Append Number %n
98105838,Check Recipe %n
98105838,Place Block %s %s
98105838,Plant Seeds %n %n
98107859,Walk %n %n max step %n
98122321,Delete Linked %n %n
98122321,Fix Block %n
98122321,Place Block %n %n
98125685,Append Number %n
98145384,Add To Harvest Now %n %n %n
98145384,Add To Harvest Now %n %s %n
98145384,Append Number %n
98145384,Check Recipe %n
98145384,Place Block %s %s
98145384,Plant Seeds %n %n
98164251,ksierpinskiego %n %n
98164251,tsierpinski %n %n
98169392,display line %n %n %n %n %n %n
98172487,Add To Harvest Now %n %n %n
98172487,Add To Harvest Now %n %s %n
98172487,Append Number %n
98172487,Check Recipe %n
98172487,Place Block %s %s
98172487,Plant Seeds %n %n
98197630,marche
98198681,Wiggle l %n m %n s %n 0 %n
98243275,Is Tree %n last tmp %n
98243275,Next Action
98243275,Open Inventory %n
98243275,Pickup Message, item %n count %n
98243275,Place (direct) %n %n
98253183,derp
98261211,Is Tree %n last tmp %n
98261211,Next Action
98261211,Open Inventory %n
98261211,Pickup Message, item %n count %n
98261211,Place (direct) %n %n
98269081,Walk %n %n max step %n
98269094,jfjffrhjggggggggggggggggggggggggggds
98272463,Open Door %n
98273001,forever gun script
98273001,forever hurt script
98273001,forever key script
98273001,forever walk script
98273001,forever y vel. script
98273001,health
98273001,loop
98273001,walk
98273001,walk fast
98282107,say %s
98285414,?????????????????????????????????
98290631,move %n %n %n
98295733,enemy turn
98295733,your turn
98299132,attacking
98299592,???????????????
98309430,position %n %n
98340630,quiz
98343056,Walk %n %n max step %n
98350508,Is Tree %n last tmp %n
98350508,Next Action
98350508,Open Inventory %n
98350508,Pickup Message, item %n count %n
98350508,Place (direct) %n %n
98355512,position %n %n
98364709,Is Tree %n last tmp %n
98364709,Next Action
98364709,Open Inventory %n
98364709,Pickup Message, item %n count %n
98364709,Place (direct) %n %n
98375965,forever gun script
98375965,forever hurt script
98375965,forever key script
98375965,forever walk script
98375965,forever y vel. script
98375965,health
98375965,loop
98375965,walk
98375965,walk fast
98392828,Jump Control
98395246,Delete Linked %n %n
98395246,Fix Block %n
98395246,Place Block %n %n
98395534,Create Clouds
98397318,Add To Harvest Now %n %n %n
98397318,Add To Harvest Now %n %s %n
98397318,Append Number %n
98397318,Check Recipe %n
98397318,Place Block %s %s
98397318,Plant Seeds %n %n
98406243,AddSong
98426307,Add To Harvest Now %n %n %n
98426307,Add To Harvest Now %n %s %n
98426307,Append Number %n
98426307,Check Recipe %n
98426307,Place Block %s %s
98426307,Plant Seeds %n %n
98429226,power up loop cycle
98436205,display line %n %n %n %n %n %n
98442461,Find Angle %n %b
98453682,find letter %n %n %n %s %n %s %n
98453682,letter external %s %n %n %n %n %s %n
98453682,letter internal %s %n %n %n %n %s %n
98453682,phrase %n %n %s %n %s %n
98453682,score pad %n %s
98453682,sub create cloud %n %n %n %n %n
98453682,sub-cloud %n %n
98453682,sub-flock %n %n %n %n
98477687,Is Tree %n last tmp %n
98477687,Next Action
98477687,Open Inventory %n
98477687,Pickup Message, item %n count %n
98477687,Place (direct) %n %n
98480710,CheckDance#
98480710,OpTion
98480817,convert decimal %n to radix %n
98490681,clutch open %n
98490681,nev veh %n
98498353,add song
98500255,vragen
98500429,position %n %n
98502316,set pen rgb: %n %n %n ghost: %n
98502766,quiz it
98503457,Delete Linked %n %n
98503457,Fix Block %n
98503457,Place Block %n %n
98504352,Being 01
98504352,Being 02
98504352,Being 03
98504352,Being 04
98504352,Being 05
98504352,Being 06
98504352,Being 07
98504352,Being Office MainHall
98504352,Being Showstage
98508775,block
98509072,Is Tree %n last tmp %n
98509072,Next Action
98509072,Open Inventory %n
98509072,Pickup Message, item %n count %n
98509072,Place (direct) %n %n
98510153,Safe Save Score %s %n score*10 %n
98511295,Being 01
98511295,Being 02
98511295,Being 03
98511295,Being 04
98511295,Being 05
98511295,Being 06
98511295,Being 07
98511295,Being Office MainHall
98511295,Being Showstage
98512479,Add To Harvest Now %n %n %n
98512479,Add To Harvest Now %n %s %n
98512479,Append Number %n
98512479,Check Recipe %n
98512479,Place Block %s %s
98512479,Plant Seeds %n %n
98513969,position %n %n
98515012,ChangeWordChoice
98518666,Delete Linked %n %n
98518666,Fix Block %n
98518666,Place Block %n %n
98520360,Add To Harvest Now %n %n %n
98520360,Add To Harvest Now %n %s %n
98520360,Append Number %n
98520360,Check Recipe %n
98520360,Place Block %s %s
98520360,Plant Seeds %n %n
98520940,AddSong
98524237,%s %n %n %n %s %n %n cent. %n hr? %n shadow %b
98528641,Add To Harvest Now %n %n %n
98528641,Add To Harvest Now %n %s %n
98528641,Append Number %n
98528641,Check Recipe %n
98528641,Place Block %s %s
98528641,Plant Seeds %n %n
98530338,Being 01
98530338,Being 02
98530338,Being 03
98530338,Being 04
98530338,Being 05
98530338,Being 06
98530338,Being 07
98530338,Being Office MainHall
98530338,Being Showstage
98533138,Delete Linked %n %n
98533138,Fix Block %n
98533138,Place Block %n %n
98534018,Is Tree %n last tmp %n
98534018,Next Action
98534018,Open Inventory %n
98534018,Pickup Message, item %n count %n
98534018,Place (direct) %n %n
98534278,sort from %n to %n
98534451,Quick Sort %s to %s
98537080,position %n %n
98537520,Add To Harvest Now %n %n %n
98537520,Add To Harvest Now %n %s %n
98537520,Append Number %n
98537520,Check Recipe %n
98537520,Place Block %s %s
98537520,Plant Seeds %n %n
98538506,Movement
98538898,Turn
98541251,position %n %n
98542622,upercut combo? %s combo times %s
98543709,Set Costume %n
98544548,upercut combo? %s combo times %s
98546967,Is Tree %n last tmp %n
98546967,Next Action
98546967,Open Inventory %n
98546967,Pickup Message, item %n count %n
98546967,Place (direct) %n %n
98548788,position %n %n
98550142,Walk %n %n max step %n
98550243,Add To Harvest Now %n %n %n
98550243,Add To Harvest Now %n %s %n
98550243,Check Recipe %n
98550243,Place Block %s %s
98550243,Plant Seeds %n %n
98550790,Delete Linked %n %n
98550790,Fix Block %n
98550790,Place Block %n %n
98551445,Being 01
98551445,Being 02
98551445,Being 03
98551445,Being 04
98551445,Being 05
98551445,Being 06
98551445,Being 07
98551445,Being Game Area
98551445,Being OfficeMainHall
98551445,Being Parts&Service
98551445,Being Showstage
98551445,mangle hall
98551445,stage 1
98554215,calculate_gcd %n %n
98555729,Walk %n %n max step %n
98556473,pick and do attack
98557116,go
98559264,crash
98560419,AddSong
98560791,draw composition %n
98560791,load composition %s
98560791,rotate teromino %n
98560791,save
98560940,Jump Control
98564004,find intersections lower bound: %n %n :upper bound
98564004,raster tri fill %n %n %n %n %n %n resolution: %n
98564004,render lines %n
98564004,render points %n
98564143,Until end
98564143,When sprite 1 has turned 20000000 degrees
98564570,position %n %n
98568508,Fractal %n %n %n %n %n %n %n
98569275,:(
98569275,color
98571076,Delete Linked %n %n
98571076,Fix Block %n
98571076,Place Block %n %n
98571312,Is Tree %n last tmp %n
98571312,Next Action
98571312,Open Inventory %n
98571312,Pickup Message, item %n count %n
98571312,Place (direct) %n %n
98571802,crash
98573361,do something
98575208,block
98575448,forever gun script
98575448,forever hurt script
98575448,forever key script
98575448,forever walk script
98575448,forever y vel. script
98575448,health
98575448,loop
98575448,walk
98575448,walk fast
98575759,Append %s
98576052,wie ben ik %n
98576351,Is Tree %n last tmp %n
98576351,Next Action
98576351,Open Inventory %n
98576351,Pickup Message, item %n count %n
98576351,Place (direct) %n %n
98577875,Walk %n %n max step %n
98578463,20
98578848,backdrop
98583671,TraceBranche %n x %n y %n orientationBranche %n longueur %n
98587508,walk right
98587754,Procedura Capitale d'Italia
98587754,Procedura capitale Francia
98587754,Procedura Capitale Germania
98587754,Procedura Capitale Gran Bretagna
98587754,Procedura Capitale Russia
98587754,Procedura Capitale Spagna
98587765,position %n %n
98588533,Safe Save Score %s %n
98588533,Set Costume
98589652,%b
98591561,DESTROY
98592034,calculate_gcd %n %n
98593046,Is Tree %n last tmp %n
98593046,Next Action
98593046,Open Inventory %n
98593046,Pickup Message, item %n count %n
98593046,Place (direct) %n %n
98594447,????????????
98595652,upercut combo? %s combo times %s
98596049,???????????????
98598383,AddSong
98599473,Add To Harvest Now %n %n %n
98599473,Add To Harvest Now %n %s %n
98599473,Append Number %n
98599473,Check Recipe %n
98599473,Place Block %s %s
98599473,Plant Seeds %n %n
98602945,Delete Linked %n %n
98602945,Fix Block %n
98602945,Place Block %n %n
98606558,display line %n %n %n %n %n %n
98607911,Lsec %n %n
98607911,rsec %n %n
98611267,go to %n %n
98612188,hi mom
98613585,more sprite appear
98614549,e
98614985,position %n %n
98615954,Walk %n %n max step %n
98616348,speak %s for %n frames
98616525,AddSong
98620410,hitbox
98620946,i
98620946,keep on goning
98621342,dejar de moverse
98621927,Run Command: %s
98622385,clear %n %n
98624420,1
98624550,(BIG) Say: %s On Row: %s
98624550,Say: %s On Row: %s
98624661,calculate_gcd %n %n
98627329,ask
98628084,Wish
98629118,gf8
98629118,jjb
98629727,Add To Harvest Now %n %n %n
98629727,Add To Harvest Now %n %s %n
98629727,Append Number %n
98629727,Check Recipe %n
98629727,Place Block %s %s
98629727,Plant Seeds %n %n
98631945,TraceCarrePythagore %n XBasGauche %n YBasGauche %n orientationBranche %n longueur %n
98634833,Add To Harvest Now %n %n %n
98634833,Add To Harvest Now %n %s %n
98634833,Append Number %n
98634833,Check Recipe %n
98634833,Place Block %s %s
98634833,Plant Seeds %n %n
98636806,hack
98640486,%n is sure than %n %b
98644480,findBottomLimit %n %n
98644480,findLeftLimit %n %n
98644480,findRightLimit %n %n
98644480,findTopLimit %n %n
98645173,Is Tree %n last tmp %n
98645173,Next Action
98645173,Open Inventory %n
98645173,Pickup Message, item %n count %n
98645173,Place (direct) %n %n
98645696,Delete Linked %n %n
98645696,Fix Block %n
98645696,Place Block %n %n
98646139,Do it again
98646183,Is Tree %n last tmp %n
98646183,Next Action
98646183,Open Inventory %n
98646183,Pickup Message, item %n count %n
98646183,Place (direct) %n %n
98646713,Is Tree %n last tmp %n
98646713,Next Action
98646713,Open Inventory %n
98646713,Pickup Message, item %n count %n
98646713,Place (direct) %n %n
98649453,Delete Linked %n %n
98649453,Fix Block %n
98649453,Place Block %n %n
98650030,%n %n %n %n %n %n %s %s %s %s %b %b %b %b
98650087,Is Tree %n last tmp %n
98650087,Next Action
98650087,Open Inventory %n
98650087,Pickup Message, item %n count %n
98650087,Place (direct) %n %n
98650170,backdrop
98650170,creeper
98651001,Add To Harvest Now %n %n %n
98651001,Add To Harvest Now %n %s %n
98651001,Append Number %n
98651001,Check Recipe %n
98651001,Place Block %s %s
98651001,Plant Seeds %n %n
98651022,Delete Linked %n %n
98651022,Fix Block %n
98651022,Place Block %n %n
98652065,1.2.3
98653362,Add To Harvest Now %n %n %n
98653362,Add To Harvest Now %n %s %n
98653362,Append Number %n
98653362,Check Recipe %n
98653362,Place Block %s %s
98653362,Plant Seeds %n %n
98654567,TraceCarrePythagore %n XBasGauche %n YBasGauche %n orientationBranche %n longueur %n
98655978,Add To Harvest Now %n %n %n
98655978,Add To Harvest Now %n %s %n
98655978,Append Number %n
98655978,Check Recipe %n
98655978,Place Block %s %s
98655978,Plant Seeds %n %n
98656062,Is Tree %n last tmp %n
98656062,Next Action
98656062,Open Inventory %n
98656062,Pickup Message, item %n count %n
98656062,Place (direct) %n %n
98656212,check distance
98656212,check for people who have saved %n
98656212,continue %n
98656212,load save %n
98656212,resave %n
98656281,?????? ?????? %n %n
98662416,WALK LEFT
98662907,SmoothGlide %n %s %n
98664010,FizzBuzz
98664440,if 100 reached
98664605,Fractal %n %n %n %n %n %n %n
98666977,Safe Save Score %s %n score*10 %n
98667129,Repeat
98667295,Being 01
98667295,Being 02
98667295,Being 03
98667295,Being 04
98667295,Being 05
98667295,Being 06
98667295,Being 07
98667295,Being Office MainHall
98667295,Being Showstage
98667395,Draw Rect %n %n %n %n
98667395,Get Style State %n to %n par at: %n
98667395,Invalidate larger from %n to %n
98667395,Set Paragraph Style %s from %n to %n
98668077,add song
98668646,position %n %n
98670336,Add To Harvest Now %n %n %n
98670336,Add To Harvest Now %n %s %n
98670336,Append Number %n
98670336,Check Recipe %n
98670336,Place Block %s %s
98670336,Plant Seeds %n %n
98671193,play
98671416,Add To Harvest Now %n %n %n
98671416,Add To Harvest Now %n %s %n
98671416,Append Number %n
98671416,Check Recipe %n
98671416,Place Block %s %s
98671416,Plant Seeds %n %n
98672456,LOVE SCRATCH
98675019,Fractal %n %n %n %n %n %n %n %n %n %n %n %n %n %n %n %n %n
98675379,Add To Harvest Now %n %n %n
98675379,Add To Harvest Now %n %s %n
98675379,Append Number %n
98675379,Check Recipe %n
98675379,Place Block %s %s
98675379,Plant Seeds %n %n
98675393,Quicksort %n %n
98675895,:(
98675895,color
98676560,Rekurzi?? M??lys??g %n Hossz %n TollVastags??g %n
98679204,process
98681249,forever gun script
98681249,forever hurt script
98681249,loop
98681513,Walk %n %n max steep %n
98681513,Walk %n %n max step %n
98682590,find spawn
98682590,set pen rgb: %n %n %n ghost: %n
98682939,Add To Harvest Now %n %n %n
98682939,Add To Harvest Now %n %s %n
98682939,Append Number %n
98682939,Check Recipe %n
98682939,Place Block %s %s
98682939,Plant Seeds %n %n
98687438,Add To Harvest Now %n %n %n
98687438,Add To Harvest Now %n %s %n
98687438,Append Number %n
98687438,Check Recipe %n
98687438,Place Block %s %s
98687438,Plant Seeds %n %n
98691213,Is Tree %n last tmp %n
98691213,Next Action
98691213,Open Inventory %n
98691213,Pickup Message, item %n count %n
98691213,Place (direct) %n %n
98691587,AddSong
98694499,sum tick %n %n %s
98694862,position %n %n
98695805,Set Costume %n
98695903,stand %n time(s)
98695939,display line %n %n %n %n %n %n
98698369,choose color %s  on %n
98698682,do clone-angles %n %n
98702379,Move Down
98702379,Move Left
98702379,Move Right
98702379,Move Up
98706465,Run Command: %s
98707179,display line %n %n %n %n %n %n
98708576,upercut combo? %s combo times %s
98712667,koch %n %n
98715134,Delete Linked %n %n
98715134,Fix Block %n
98715134,Place Block %n %n
98716866,Walk %n %n max step %n
98718095,Add To Harvest Now %n %n %n
98718095,Add To Harvest Now %n %s %n
98718095,Append Number %n
98718095,Check Recipe %n
98718095,Place Block %s %s
98718095,Plant Seeds %n %n
98720046,rebotar
98721214,Is Tree %n last tmp %n
98721214,Next Action
98721214,Open Inventory %n
98721214,Pickup Message, item %n count %n
98721214,Place (direct) %n %n
98721995,run %n %b
98722962,position %n %n
98723201,Intro %n
98724053,display line %n %n %n %n %n %n
98727037,odpowied?? %n
98728320,do something
98729760,forever gun script
98729760,forever hurt script
98729760,forever key script
98729760,forever walk script
98729760,forever y vel. script
98729760,health
98729760,loop
98729760,walk
98729760,walk fast
98730493,Walk %n %n max steep %n
98731521,position %n %n
98733692,Being 01
98733692,Being 02
98733692,Being 03
98733692,Being 04
98733692,Being 05
98733692,Being 06
98733692,Being 07
98733692,Being Game Area
98733692,Being OfficeMainHall
98733692,Being Parts&Service
98733692,Being Showstage
98733692,mangle hall
98733692,stage 1
98737840,Krzywa Kocha %n %n
98738094,krzywakocha %n %n
98738100,KrzywaKocha %n %n
98740086,Add To Harvest Now %n %n %n
98740086,Add To Harvest Now %n %s %n
98740086,Append Number %n
98740086,Check Recipe %n
98740086,Place Block %s %s
98740086,Plant Seeds %n %n
98740743,Touching ground
98741626,convert decimal %n to radix %n
98742295,say catch
98743348,login to NMS DOS
98752966,%b
98755334,Walk %n %n max step %n
98757711,run %n
98759679,Add To Harvest Now %n %n %n
98759679,Add To Harvest Now %n %s %n
98759679,Append Number %n
98759679,Check Recipe %n
98759679,Place Block %s %s
98759679,Plant Seeds %n %n
98769912,Ask Question %s %s %s
98769912,Points %n %n
98772625,move %n %n %n
98773851,Draw branch %n %n
98778569,run %n %b
98780343,position %n %n
98780692,Step 2
98783635,Is Tree %n last tmp %n
98783635,Next Action
98783635,Open Inventory %n
98783635,Pickup Message, item %n count %n
98783635,Place (direct) %n %n
98791928,position %n %n
98799996,Add To Harvest Now %n %n %n
98799996,Add To Harvest Now %n %s %n
98799996,Check Recipe %n
98799996,Place Block %s %s
98799996,Plant Seeds %n %n
98803056,Add To Harvest Now %n %n %n
98803056,Add To Harvest Now %n %s %n
98803056,Append Number %n
98803056,Check Recipe %n
98803056,Place Block %s %s
98803056,Plant Seeds %n %n
98803890,run away
98805832,%b or %b or %b or %b or %b
98809265,Question
98811112,Seashell %n
98813718,Star
98817652,dive
98817745,jump
98817805,backflip
98818275,Check
98819986,Append %s
98820914,TraceTriangle %n XHaut %n Yh %n longueur %n
98825724,position %n %n
98829559,Sierpinski %n %n
98831909,forever gun script
98831909,forever hurt script
98832825,Being 01
98832825,Being 02
98832825,Being 03
98832825,Being 04
98832825,Being 05
98832825,Being 06
98832825,Being 07
98832825,Being Showstage
98834153,convert decimal %n to radix %n
98837339,Add To Harvest Now %n %n %n
98837339,Add To Harvest Now %n %s %n
98837339,Append Number %n
98837339,Check Recipe %n
98837339,Place Block %s %s
98837339,Plant Seeds %n %n
98838200,deleteData %n
98840252,%n
98840387,Being 01
98840387,Being 02
98840387,Being 03
98840387,Being 04
98840387,Being 05
98840387,Being 06
98840387,Being 07
98840387,Being Office MainHall
98840387,Being Showstage
98842300,Convert hexadecimal %s with token size %n using charset %s
98842841,Add To Harvest Now %n %n %n
98842841,Add To Harvest Now %n %s %n
98842841,Append Number %n
98842841,Check Recipe %n
98842841,Place Block %s %s
98842841,Plant Seeds %n %n
98843276,Attack
98843276,does it work?
98843276,evade %n
98843276,Go to Corner %n
98846822,say %s
98849639,Clones
98853726,Walk %n %n max steep %n
98853726,Walk %n %n max step %n
98853780,upercut combo? %s combo times %s
98854329,Append %s
98854329,Place Block %s %s
98854395,power up loop cycle
98856029,shipmovement
98856583,???????????? %n
98857884,Walk %n %n max step %n
98858905,position %n %n
98864798,position %n %n
98865015,position %n %n
98865262,position %n %n
98869022,notright
98869156,position %n %n
98873388,?????? 1
98873388,?????? 2
98873388,?????? 3
98874207,start
98883028,Joint calculated dots %n %n %n %n %n %n
98883028,recursion
98885662,Etoile %n
98885662,Insecte %n
98889183,forever gun script
98889183,forever hurt script
98889183,forever key script
98889183,forever walk script
98889183,forever y vel. script
98889183,health
98889183,loop
98889183,walk
98889183,walk fast
98889578,Dig Up %n
98889578,Is Tree %n last tmp %n
98889578,Next Action
98889578,Open Inventory %n
98892811,Walk %n %n max steep %n
98893761,block
98895046,koch %n %n
98899181,?????????? %n
98899296,Dig Up %n
98899296,Is Tree %n last tmp %n
98899296,Next Action
98899296,Open Inventory %n
98900800,Add To Harvest Now %n %n %n
98900800,Add To Harvest Now %n %s %n
98900800,Append Number %n
98900800,Check Recipe %n
98900800,Place Block %s %s
98900800,Plant Seeds %n %n
98901990,forever gun script
98901990,forever hurt script
98901990,forever key script
98901990,forever walk script
98901990,forever y vel. script
98901990,health
98901990,loop
98901990,walk
98901990,walk fast
98910460,convert decimal %n to radix %n
98918491,Add To Harvest Now %n %n %n
98918491,Add To Harvest Now %n %s %n
98918491,Append Number %n
98918491,Check Recipe %n
98918491,Place Block %s %s
98918491,Plant Seeds %n %n
98919048,forever gun script
98919048,forever hurt script
98919048,forever key script
98919048,forever walk script
98919048,forever y vel. script
98919048,health
98919048,loop
98919048,walk
98919048,walk fast
98919482,Add To Harvest Now %n %n %n
98919482,Add To Harvest Now %n %s %n
98919482,Append Number %n
98919482,Check Recipe %n
98919482,Place Block %s %s
98919482,Plant Seeds %n %n
98919528,calculate
98924319,line 1
98926095,position %n %n
98928413,Being 01
98928413,Being 02
98928413,Being 03
98928413,Being 04
98928413,Being 05
98928413,Being 06
98928413,Being 07
98928413,Being Game Area
98928413,Being OfficeMainHall
98928413,Being Parts&Service
98928413,Being Showstage
98928413,mangle hall
98928413,stage 1
98928632,cycloidal %n %n %n %n
98931783,Is Tree %n last tmp %n
98931783,Next Action
98931783,Open Inventory %n
98931783,Pickup Message, item %n count %n
98931783,Place (direct) %n %n
98936688,Find Character %n
98938825,no
98940667,do something
98943527,play s1 at tempo: %n
98943727,forever gun script
98943727,forever key script
98943727,forever walk script
98943727,forever y vel. script
98943727,health
98943727,health %n
98943727,loop
98943727,stay in a place offscreen %n
98943727,walk
98943727,walk fast
98945483,position %n %n
98946192,Sierpinski.level %n %n
98954697,akv
98955181,forever gun script
98955181,forever key script
98955181,forever walk script
98955181,forever y vel. script
98955181,health
98955181,health %n
98955181,loop
98955181,stay in a place offscreen %n
98955181,walk
98955181,walk fast
98955733,calculate - value A: %n value B: %n value C: %n value D: %n operation: %s (surround sum with parenthesis)
98958000,forever gun script
98958000,forever hurt script
98958000,forever key script
98958000,forever walk script
98958000,forever y vel. script
98958000,health
98958000,loop
98958000,walk
98958000,walk fast
98963571,power up loop cycle
98964223,7 11
98964223,7 12
98964223,7 21
98964223,7 3
98964223,7 41
98964223,7 411
98964223,7 412
98964223,7 5
98964223,7 7
98964223,7 71
98964223,7 72
98964223,Vai a 11
98964223,Vai a 12
98964223,Vai a 21
98964223,Vai a 3
98964223,Vai a 411
98964223,Vai a 412
98964223,Vai a 5
98964223,Vai a 71
98964223,Vai a 72
98970106,Decision
98970106,Decision2
98970106,Decision3
98972547,forever gun script
98972547,forever hurt script
98972547,forever key script
98972547,forever walk script
98972547,forever y vel. script
98972547,health
98972547,loop
98972547,walk
98972547,walk fast
98974596,Walk %n %n max step %n
98979676,Delete Linked %n %n
98979676,Fix Block %n
98979676,Place Block %n %n
98986053,Add To Harvest Now %n %n %n
98986053,Add To Harvest Now %n %s %n
98986053,Append Number %n
98986053,Check Recipe %n
98986053,Place Block %s %s
98986053,Plant Seeds %n %n
98986316,Jump Control
98986335,position %n %n
98987555,position %n %n
98987881,%n inside nowored
98987881,toggle %s %s
98988799,Is Tree %n last tmp %n
98988799,Next Action
98988799,Open Inventory %n
98988799,Pickup Message, item %n count %n
98988799,Place (direct) %n %n
98989155,position %n %n
98991197,position %n %n
98991197,Safe Save Score %s %n
98991197,Walk %n
98992903,Append %s
98995703,Missile Launch
98995933,AddSong
99001439,Is Tree %n last tmp %n
99001439,Next Action
99001439,Open Inventory %n
99001439,Pickup Message, item %n count %n
99001439,Place (direct) %n %n
99002710,draw tree %n %n
99007785,main stuff
99008556,Safe Save Score %s %n score %n
99008556,skim %n %n %n len %n x,y: %n %n move? %b first? %b
99009348,Absorb Death
99009348,Death
99009952,when touch sides make sound
99010924,main stuff
99012432,New customer
99012432,Reset clothing
99012463,Kung Fo
99013465,power up loop cycle
99013615,power up loop cycle
99013842,Press *Space* five times...
99014028,%n %n %n %n %n %n %n %n %n %n %n %n %n %n %n %n %s %s %s %s %s %s %s %s %s %s %s %s %s %s %s %s %s %s %s %s %s %s %s %s %b %b %b %b %b %b %b %b %b %b %b %b %b %b
99014051,triangle %n %n %n %n %n
99014082,position %n %n
99016061,spin %n %n times
99016876,create %n clones instantly
99016876,typewrite %s from %s
99019146,meow like a cat
99019412,forever gun script
99019412,forever hurt script
99019412,forever key script
99019412,forever walk script
99019412,forever y vel. script
99019412,health
99019412,health %n
99019412,loop
99019412,stay in a place offscreen %n
99019412,walk
99019412,walk fast
99022375,kick soceer ball
99032542,Copier Matrice %b %n Vrai pour copier Matrice vers Tampon Matrice; Faux pour l'inverse. Mettre compteur ?? 1 pour copillage int??gral
99032542,Init Clones
99033238,clutch open %n
99033238,nev veh %n
99034900,Joint calculated dots %n %n %n %n %n %n
99034900,recursion
99039451,????????
99040491,Add To Harvest Now %n %n %n
99040491,Add To Harvest Now %n %s %n
99040491,Append Number %n
99040491,Check Recipe %n
99040491,Place Block %s %s
99040491,Plant Seeds %n %n
99042734,Demander via l'IA %s
99043054,Joint calculated dots %n %n %n %n %n %n
99043054,recursion
99043122,Is Tree %n last tmp %n
99043122,Next Action
99043122,Open Inventory %n
99043122,Pickup Message, item %n count %n
99043122,Place (direct) %n %n
99044367,Rysuj %n %n %n %n %n
99044492,fractal %n %n
99048858,krzywakocha %n %n
99048929,kzrywakocha %n %n
99048950,Krzywakocha %n %n
99050385,Get Touching %n %n
99050385,Place %n %n
99050385,Safe Save Level %s %n
99050385,Safe Save Score %s %n
99050385,Test Place %n %n
99051413,shake
99052787,jump
99055332,Add To Harvest Now %n %n %n
99055332,Add To Harvest Now %n %s %n
99055332,Append Number %n
99055332,Check Recipe %n
99055332,Place Block %s %s
99055332,Plant Seeds %n %n
99056633,Being 01
99056633,Being 02
99056633,Being 03
99056633,Being 04
99056633,Being 05
99056633,Being 06
99056633,Being 07
99056633,Being Office MainHall
99056633,Being Showstage
99056770,krzywakocha %n %n
99057981,Being Backstage
99057981,Being Dining Area
99057981,Being Dining Room
99057981,Being Easthall
99057981,Being Easthallcorner
99057981,Being in closet
99057981,Being in Dining Area
99057981,Being in stage
99057981,Being Kitchen
99057981,Being Office
99057981,Being Restrooms
99057981,Being Stage
99057981,Being Westhall
99057981,Being Westhallcorner
99058768,3heard %n %n
99058768,4heard %n %n
99058768,5heard %n %n
99061080,find letter %n %n %n %s %n %s %n
99061080,phrase %n %n %s %n %s %n
99061176,lol
99062422,AddSong
99064065,Joint calculated dots %n %n %n %n %n %n
99064065,recursion
99064980,Add To Harvest Now %n %n %n
99064980,Add To Harvest Now %n %s %n
99064980,Append Number %n
99064980,Check Recipe %n
99064980,Place Block %s %s
99064980,Plant Seeds %n %n
99065012,Set equation for random
99065012,Set equation numbers
99069783,Convert hexadecimal %s with token size %n using charset %s
99070362,hide
99075266,Being 01
99075266,Being 02
99075266,Being 03
99075266,Being 04
99075266,Being 05
99075266,Being 06
99075266,Being 07
99075266,Being Showstage
99077474,backdrop
99078570,forever gun script
99078570,forever hurt script
99078570,forever key script
99078570,forever walk script
99078570,forever y vel. script
99078570,health
99078570,loop
99078570,walk
99078570,walk fast
99081519,Is Tree %n last tmp %n
99081519,Next Action
99081519,Open Inventory %n
99081519,Pickup Message, item %n count %n
99081519,Place (direct) %n %n
99083850,Being 01
99083850,Being 02
99083850,Being 03
99083850,Being 04
99083850,Being 05
99083850,Being 06
99083850,Being 07
99083850,Being Game Area
99083850,Being OfficeMainHall
99083850,Being Parts&Service
99083850,Being Showstage
99083850,mangle hall
99083850,stage 1
99084173,Is Tree %n last tmp %n
99084173,Next Action
99084173,Open Inventory %n
99084173,Pickup Message, item %n count %n
99084173,Place (direct) %n %n
99085972,Is Tree %n last tmp %n
99085972,Next Action
99085972,Open Inventory %n
99085972,Pickup Message, item %n count %n
99085972,Place (direct) %n %n
99087672,Add To Harvest Now %n %n %n
99087672,Add To Harvest Now %n %s %n
99087672,Append Number %n
99087672,Check Recipe %n
99087672,Place Block %s %s
99087672,Plant Seeds %n %n
99088226,Shape Generator
99093183,Add To Harvest Now %n %n %n
99093183,Add To Harvest Now %n %s %n
99093183,Append Number %n
99093183,Check Recipe %n
99093183,Place Block %s %s
99093183,Plant Seeds %n %n
99094194,%b
99094870,bouce off
99094870,bounce off
99101595,Walk %n %n max step %n
99105580,forever gun script
99105580,forever key script
99105580,forever walk script
99105580,forever y vel. script
99105580,health
99105580,loop
99105580,walk
99105580,walk fast
99109059,Is Tree %n last tmp %n
99109059,Next Action
99109059,Open Inventory %n
99109059,Pickup Message, item %n count %n
99109059,Place (direct) %n %n
99109102,position %n %n
99112829,forever gun script
99112829,forever hurt script
99117299,change color
99117369,Is Tree %n last tmp %n
99117369,Next Action
99117369,Open Inventory %n
99117369,Pickup Message, item %n count %n
99117369,Place (direct) %n %n
99117906,Append %s
99119388,Add To Harvest Now %n %n %n
99119388,Add To Harvest Now %n %s %n
99119388,Append Number %n
99119388,Check Recipe %n
99119388,Place Block %s %s
99119388,Plant Seeds %n %n
99120288,we
99121296,do something
99121354,upercut combo? %s combo times %s
99123551,Add To Harvest Now %n %n %n
99123551,Add To Harvest Now %n %s %n
99123551,Append Number %n
99123551,Check Recipe %n
99123551,Place Block %s %s
99123551,Plant Seeds %n %n
99131114,position %n %n
99131547,castRay start %n %n dir %n %n maxRef. %n %n
99133398,Walk %n %n max steep %n
99133398,Walk %n %n max step %n
99134742,Sierpi??ski %n %n
99137453,crash (>:D)
99137562,Delete Linked %n %n
99137562,Fix Block %n
99137562,Place Block %n %n
99138141,Add To Harvest Now %n %n %n
99138141,Add To Harvest Now %n %s %n
99138141,Append Number %n
99138141,Check Recipe %n
99138141,Place Block %s %s
99138141,Plant Seeds %n %n
99138143,Add To Harvest Now %n %n %n
99138143,Add To Harvest Now %n %s %n
99138143,Append Number %n
99138143,Check Recipe %n
99138143,Place Block %s %s
99138143,Plant Seeds %n %n
99139877,Is Tree %n last tmp %n
99139877,Next Action
99139877,Open Inventory %n
99139877,Pickup Message, item %n count %n
99139877,Place (direct) %n %n
99141962,position %n %n
99142042,clutch open %n
99142042,nev veh %n
99143401,.
99144812,forever gun script
99144812,forever hurt script
99144812,forever key script
99144812,forever walk script
99144812,forever y vel. script
99144812,health
99144812,loop
99144812,walk
99144812,walk fast
99147216,Write String %s \\@ %n %n WrapX %n Scale %n %n Color %n %n %n PSize %n Effects %b %b
99147311,forever gun script
99147311,forever hurt script
99147311,forever key script
99147311,forever walk script
99147311,forever y vel. script
99147311,health
99147311,loop
99147311,walk
99147311,walk fast
99148834,Add To Harvest Now %n %n %n
99148834,Add To Harvest Now %n %s %n
99148834,Append Number %n
99148834,Check Recipe %n
99148834,Place Block %s %s
99148834,Plant Seeds %n %n
99150692,position %n %n
99151850,position %n %n
99152559,clutch open %n
99152559,nev veh %n
99154125,Add To Harvest Now %n %n %n
99154125,Add To Harvest Now %n %s %n
99154125,Append Number %n
99154125,Check Recipe %n
99154125,Place Block %s %s
99154125,Plant Seeds %n %n
99155241,Is Tree %n last tmp %n
99155241,Next Action
99155241,Open Inventory %n
99155241,Pickup Message, item %n count %n
99155241,Place (direct) %n %n
99155782,Being 01
99155782,Being 02
99155782,Being 03
99155782,Being 04
99155782,Being 05
99155782,Being 06
99155782,Being 07
99155782,Being Showstage
99157485,Add To Harvest Now %n %n %n
99157485,Add To Harvest Now %n %s %n
99157485,Append Number %n
99157485,Check Recipe %n
99157485,Place Block %s %s
99157485,Plant Seeds %n %n
99159474,fast
99159474,forever gun script
99159474,forever key script
99159474,forever walk script
99159474,forever y vel. script
99159474,health
99159474,health %n
99159474,loop
99159474,stay in a place offscreen %n
99159474,walk
99159474,walk fast
99161312,Pen loader %n
99161376,position %n %n
99161723,AddSong
99164245,Is Tree %n last tmp %n
99164245,Next Action
99164245,Open Inventory %n
99164245,Pickup Message, item %n count %n
99164245,Place (direct) %n %n
99164621,makeMaze
99164810,Delete Linked %n %n
99164810,Fix Block %n
99164810,Place Block %n %n
99166254,Draw Branch in tree %n
99168337,Draw Branch in tree %n
99169821,Add To Harvest Now %n %n %n
99169821,Add To Harvest Now %n %s %n
99169821,Append Number %n
99169821,Check Recipe %n
99169821,Place Block %s %s
99169821,Plant Seeds %n %n
99169891,Append %s
99171040,Walk %n %n max step %n
99171718,Add To Harvest Now %n %n %n
99171718,Add To Harvest Now %n %s %n
99171718,Append Number %n
99171718,Check Recipe %n
99171718,Place Block %s %s
99171718,Plant Seeds %n %n
99172168,Append %s
99172403,CALL Sqid!!!!!!!!!!!!!!!!!!!!!!!!!!!!!!!!!!!!!!!
99172403,LEGO maker
99172403,moves 100000
99172732,Delete Linked %n %n
99172732,Fix Block %n
99172732,Place Block %n %n
99173030,Add To Harvest Now %n %n %n
99173030,Add To Harvest Now %n %s %n
99173030,Append Number %n
99173030,Check Recipe %n
99173030,Place Block %s %s
99173030,Plant Seeds %n %n
99173515,forever gun script
99173515,forever hurt script
99173981,n
99174196,Add To Harvest Now %n %n %n
99174196,Add To Harvest Now %n %s %n
99174196,Append Number %n
99174196,Check Recipe %n
99174196,Place Block %s %s
99174196,Plant Seeds %n %n
99174696,Add To Harvest Now %n %n %n
99174696,Add To Harvest Now %n %s %n
99174696,Append Number %n
99174696,Check Recipe %n
99174696,Place Block %s %s
99174696,Plant Seeds %n %n
99176824,Being 01
99176824,Being 02
99176824,Being 03
99176824,Being 04
99176824,Being 05
99176824,Being 06
99176824,Being 07
99176824,Being Showstage
99177851,position %n %n
99177851,Safe Save Score %s %n
99177851,Walk %n
99178181,Is Tree %n last tmp %n
99178181,Next Action
99178181,Open Inventory %n
99178181,Pickup Message, item %n count %n
99178181,Place (direct) %n %n
99178706,draw fractal %n %n %n %n %n %n %n %n
99179666,forever gun script
99179666,forever hurt script
99179666,forever key script
99179666,forever walk script
99179666,forever y vel. script
99179666,health
99179666,loop
99179666,walk
99179666,walk fast
99180301,Walk %n %n max step %n
99183978,Is Tree %n last tmp %n
99183978,Next Action
99183978,Open Inventory %n
99183978,Pickup Message, item %n count %n
99183978,Place (direct) %n %n
99186156,AddSong
99186432,Draw Rect %n %n %n %n
99186432,Get Style State %n to %n par at: %n
99186432,Invalidate larger from %n to %n
99186432,Set Paragraph Style %s from %n to %n
99188724,Turn
99189233,Joint calculated dots %n %n %n %n %n %n
99189233,recursion
99194484,Walk %n %n max step %n
99195269,New customer
99195269,Reset clothing
99198015,kwadrat o boku %n
99198018,Kwadrat o zadanym boku %n
99198027,kwadrat o boku %n
99198159,Kwadrat o boku %n
99199017,sier %n
99202011,Delete Linked %n %n
99202011,Fix Block %n
99202011,Place Block %n %n
99202184,Delete Linked %n %n
99202184,Fix Block %n
99202184,Place Block %n %n
99205343,Add To Harvest Now %n %n %n
99205343,Add To Harvest Now %n %s %n
99205343,Append Number %n
99205343,Check Recipe %n
99205343,Place Block %s %s
99205343,Plant Seeds %n %n
99207367,Is Tree %n last tmp %n
99207367,Next Action
99207367,Open Inventory %n
99207367,Pickup Message, item %n count %n
99207367,Place (direct) %n %n
99210349,SIER %n
99211422,krzywakoch %n %n
99215113,Is Tree %n last tmp %n
99215113,Next Action
99215113,Open Inventory %n
99215113,Pickup Message, item %n count %n
99215113,Place (direct) %n %n
99216042,Add To Harvest Now %n %n %n
99216042,Add To Harvest Now %n %s %n
99216042,Append Number %n
99216042,Check Recipe %n
99216042,Place Block %s %s
99216042,Plant Seeds %n %n
99218405,Is Tree %n last tmp %n
99218405,Next Action
99218405,Open Inventory %n
99218405,Pickup Message, item %n count %n
99218405,Place (direct) %n %n
99222370,Add To Harvest Now %n %n %n
99222370,Add To Harvest Now %n %s %n
99222370,Append Number %n
99222370,Check Recipe %n
99222370,Place Block %s %s
99222370,Plant Seeds %n %n
99223172,position %n %n
99223881,Safe Save Score %s %n score %n
99223881,skim %n %n %n len %n x,y: %n %n move? %b first? %b
99225856,Add To Harvest Now %n %n %n
99225856,Add To Harvest Now %n %s %n
99225856,Check Recipe %n
99225856,Place Block %s %s
99225856,Plant Seeds %n %n
99225926,display line %n %n %n %n %n %n
99226613,Z-health %n
99228534,Add To Harvest Now %n %n %n
99228534,Add To Harvest Now %n %s %n
99228534,Append Number %n
99228534,Check Recipe %n
99228534,Place Block %s %s
99228534,Plant Seeds %n %n
99229650,position %n %n
99231086,add digit %s
99231533,forever gun script
99231533,forever hurt script
99243411,go to start
99245345,Add To Harvest Now %n %n %n
99245345,Add To Harvest Now %n %s %n
99245345,Check Recipe %n
99245345,Place Block %s %s
99245345,Plant Seeds %n %n
99248703,Walk %n %n max step %n
99250605,Color
99250909,upercut combo? %s combo times %s
99251277,position %n %n
99255777,Add To Harvest Now %n %n %n
99255777,Add To Harvest Now %n %s %n
99255777,Append Number %n
99255777,Check Recipe %n
99255777,Place Block %s %s
99255777,Plant Seeds %n %n
99255815,Walk %n %n max step %n
99256071,forever gun script
99256071,forever hurt script
99256071,forever key script
99256071,forever walk script
99256071,forever y vel. script
99256071,health
99256071,loop
99256071,walk
99256071,walk fast
99257233,onw
99257870,find spawn
99257870,set pen rgb: %n %n %n ghost: %n
99259467,forever gun script
99259467,forever hurt script
99259702,Add To Harvest Now %n %n %n
99259702,Add To Harvest Now %n %s %n
99259702,Append Number %n
99259702,Check Recipe %n
99259702,Place Block %s %s
99259702,Plant Seeds %n %n
99261038,Delete Linked %n %n
99261038,Fix Block %n
99261038,Place Block %n %n
99261914,SOLVE2
99262531,she
99263064,position %n %n
99264461,jumpscare
99266342,Joint calculated dots %n %n %n %n %n %n
99266342,recursion
99282281,bounce %n
99283049,Add To Harvest Now %n %n %n
99283049,Add To Harvest Now %n %s %n
99283049,Append Number %n
99283049,Check Recipe %n
99283049,Place Block %s %s
99283049,Plant Seeds %n %n
99284279,do something
99287799,Delete Linked %n %n
99287799,Fix Block %n
99287799,Place Block %n %n
99290129,i am most like dasiy from mario
99290867,Add To Harvest Now %n %n %n
99290867,Add To Harvest Now %n %s %n
99290867,Append Number %n
99290867,Check Recipe %n
99290867,Place Block %s %s
99290867,Plant Seeds %n %n
99293587,AddSong
99293871,Dig Up %n
99293871,Is Tree %n last tmp %n
99293871,Next Action
99293871,Open Inventory %n
99299678,fraction>decimal
99300949,Append %s
99302194,Add To Harvest Now %n %n %n
99302194,Add To Harvest Now %n %s %n
99302194,Append Number %n
99302194,Check Recipe %n
99302194,Place Block %s %s
99302194,Plant Seeds %n %n
99308393,Add To Harvest Now %n %n %n
99308393,Add To Harvest Now %n %s %n
99308393,Append Number %n
99308393,Check Recipe %n
99308393,Place Block %s %s
99308393,Plant Seeds %n %n
99310613,position %n %n
99310873,Delete Linked %n %n
99310873,Fix Block %n
99310873,Place Block %n %n
99311110,Delete Linked %n %n
99311110,Fix Block %n
99311110,Place Block %n %n
99313439,Being 01
99313439,Being 02
99313439,Being 03
99313439,Being 04
99313439,Being 05
99313439,Being 06
99313439,Being 07
99313439,Being Showstage
99315105,Add To Harvest Now %n %n %n
99315105,Add To Harvest Now %n %s %n
99315105,Append Number %n
99315105,Check Recipe %n
99315105,Place Block %s %s
99315105,Plant Seeds %n %n
99317872,%n %n %n to HSL with min\/max: %n %n
99317872,add %n %n %n
99317872,add %n %n %n into current
99317872,inner %n %n %n %n %n %n %n %n %n %n
99318225,convert decimal %n to radix %n
99320674,upercut combo? %s combo times %s
99320695,be happy
99322960,Add To Harvest Now %n %n %n
99322960,Add To Harvest Now %n %s %n
99322960,Append Number %n
99322960,Check Recipe %n
99322960,Place Block %s %s
99322960,Plant Seeds %n %n
99323902,Play intro: Come in %n Wait %s Seconds: Come out %n
99324792,Dodge
99324825,forever gun script
99324825,forever hurt script
99324825,forever key script
99324825,forever walk script
99324825,forever y vel. script
99324825,health
99324825,loop
99324825,walk
99324825,walk fast
99324936,forever gun script
99324936,forever hurt script
99324936,forever key script
99324936,forever walk script
99324936,forever y vel. script
99324936,health
99324936,loop
99324936,walk
99324936,walk fast
99326343,Dodge
99328696,render
99329723,forever gun script
99329723,forever hurt script
99329723,forever key script
99329723,forever walk script
99329723,forever y vel. script
99329723,health
99329723,loop
99329723,walk
99329723,walk fast
99329725,Delete Linked %n %n
99329725,Fix Block %n
99329725,Place Block %n %n
99331575,Walk %n %n
99332253,Spawn Heart
99333180,Add To Harvest Now %n %n %n
99333180,Add To Harvest Now %n %s %n
99333180,Append Number %n
99333180,Check Recipe %n
99333180,Place Block %s %s
99333180,Plant Seeds %n %n
99335625,draw clock size %n colour: back %s front %s accent %s time: %n %n %n shadow %b sprite %n at %n %n
99335646,?????????? %n
99336296,Append %s
99336902,forever gun script
99336902,forever hurt script
99336957,Append %s
99337231,Add To Harvest Now %n %n %n
99337231,Add To Harvest Now %n %s %n
99337231,Append Number %n
99337231,Check Recipe %n
99337231,Place Block %s %s
99337231,Plant Seeds %n %n
99337540,%n %n %n to HSL with min\/max: %n %n
99337540,add %n %n %n
99337540,add %n %n %n into current
99337540,inner %n %n %n %n %n %n %n %n %n %n
99339451,upercut combo? %s combo times %s
99340388,123 ABC
99340718,Add To Harvest Now %n %n %n
99340718,Add To Harvest Now %n %s %n
99340718,Append Number %n
99340718,Check Recipe %n
99340718,Place Block %s %s
99340718,Plant Seeds %n %n
99341088,branche %n %b %b
99341865,AddSong
99346592,Delete Linked %n %n
99346592,Fix Block %n
99346592,Place Block %n %n
99346853,Is Tree %n last tmp %n
99346853,Next Action
99346853,Open Inventory %n
99346853,Pickup Message, item %n count %n
99346853,Place (direct) %n %n
99347074,upercut combo? %s combo times %s
99348517,slendermen
99348680,Add To Harvest Now %n %n %n
99348680,Add To Harvest Now %n %s %n
99348680,Append Number %n
99348680,Check Recipe %n
99348680,Place Block %s %s
99348680,Plant Seeds %n %n
99350054,upercut combo? %s combo times %s
99350525,:(
99350525,color
99350816,Add To Harvest Now %n %n %n
99350816,Add To Harvest Now %n %s %n
99350816,Append Number %n
99350816,Check Recipe %n
99350816,Place Block %s %s
99350816,Plant Seeds %n %n
99357976,Add To Harvest Now %n %n %n
99357976,Add To Harvest Now %n %s %n
99357976,Append Number %n
99357976,Check Recipe %n
99357976,Place Block %s %s
99357976,Plant Seeds %n %n
99358245,bieg w przud i spowrotem
99374470,Delete Linked %n %n
99374470,Fix Block %n
99374470,Place Block %n %n
99375685,Add To Harvest Now %n %n %n
99375685,Add To Harvest Now %n %s %n
99375685,Append Number %n
99375685,Check Recipe %n
99375685,Place Block %s %s
99375685,Plant Seeds %n %n
99378490,Is Tree %n last tmp %n
99378490,Next Action
99378490,Open Inventory %n
99378490,Pickup Message, item %n count %n
99378490,Place (direct) %n %n
99380669,koch %n %n
99383122,Walk %n %n max step %n
99389893,Append %s
99390247,Add To Harvest Now %n %n %n
99390247,Add To Harvest Now %n %s %n
99390247,Append Number %n
99390247,Check Recipe %n
99390247,Place Block %s %s
99390247,Plant Seeds %n %n
99392811,removePlayerId %n cval %n
99393111,Add To Harvest Now %n %n %n
99393111,Add To Harvest Now %n %s %n
99393111,Append Number %n
99393111,Check Recipe %n
99393111,Place Block %s %s
99393111,Plant Seeds %n %n
99395530,Calculate Layers
99404182,Render Level
99404901,Delete Linked %n %n
99404901,Fix Block %n
99404901,Place Block %n %n
99406001,numbers only
99412239,%s
99415195,convert decimal %n to radix %n
99415486,Set_Text_Colour
99415521,convert decimal %n to radix %n
99416498,position %n %n
99417664,cirkus
99420580,position %n %n
99425406,position %n %n
99427076,Being 01
99427076,Being 02
99427076,Being 03
99427076,Being 04
99427076,Being 05
99427076,Being 06
99427076,Being 07
99427076,Being Office MainHall
99427076,Being Showstage
99430580,position %n %n
99430866,forever gun script
99430866,forever hurt script
99430866,forever key script
99430866,forever walk script
99430866,forever y vel. script
99430866,health
99430866,loop
99430866,walk
99430866,walk fast
99431462,position %n %n
99433294,Add To Harvest Now %n %n %n
99433294,Add To Harvest Now %n %s %n
99433294,Append Number %n
99433294,Check Recipe %n
99433294,Place Block %s %s
99433294,Plant Seeds %n %n
99433485,PowerUps
99441025,Delete Linked %n %n
99441025,Fix Block %n
99441025,Place Block %n %n
99445127,fill at %n target_col %s fill_col %s
99445127,set pixel %n to %s origin %n size %n
99446753,Walk %n %n max steep %n
99446933,Add To Harvest Now %n %n %n
99446933,Add To Harvest Now %n %s %n
99446933,Append Number %n
99446933,Check Recipe %n
99446933,Place Block %s %s
99446933,Plant Seeds %n %n
99447134,Add To Harvest Now %n %n %n
99447134,Add To Harvest Now %n %s %n
99447134,Append Number %n
99447134,Check Recipe %n
99447134,Place Block %s %s
99447134,Plant Seeds %n %n
99450143,pwchoose
99450143,usernamechoose
99450609,parse integer
99450609,parse octave
99450609,skip space
99452839,part1
99452839,part2
99452839,part3
99452839,part4
99453482,Create Clouds
99454003,Being 01
99454003,Being 02
99454003,Being 03
99454003,Being 04
99454003,Being 05
99454003,Being 06
99454003,Being 07
99454003,Being Office MainHall
99454003,Being Showstage
99455571,Walk %n %n max step %n
99456376,Position %n %n
99456794,crash (>:D)
99458284,Joint calculated dots %n %n %n %n %n %n
99458284,recursion
99459769,play s1 at tempo: %n
99463268,Add To Harvest Now %n %n %n
99463268,Add To Harvest Now %n %s %n
99463268,Append Number %n
99463268,Check Recipe %n
99463268,Place Block %s %s
99463268,Plant Seeds %n %n
99466892,Add To Harvest Now %n %n %n
99466892,Add To Harvest Now %n %s %n
99466892,Append Number %n
99466892,Check Recipe %n
99466892,Place Block %s %s
99466892,Plant Seeds %n %n
99467254,position %n %n
99469322,smashed
99470042,choose color %s  on %n
99471349,Walk %n %n max step %n
99472054,position %n %n
99472054,Safe Save Score %s %n
99472054,Walk %n
99473470,Is Tree %n last tmp %n
99473470,Next Action
99473470,Open Inventory %n
99473470,Pickup Message, item %n count %n
99473470,Place (direct) %n %n
99474490,Add To Harvest Now %n %n %n
99474490,Add To Harvest Now %n %s %n
99474490,Append Number %n
99474490,Check Recipe %n
99474490,Place Block %s %s
99474490,Plant Seeds %n %n
99474858,upercut combo? %s combo times %s
99478167,upercut combo? %s combo times %s
99478811,DrawClocks %n %n
99481129,Delete Linked %n %n
99481129,Fix Block %n
99481129,Place Block %n %n
99483538,Add To Harvest Now %n %n %n
99483538,Add To Harvest Now %n %s %n
99483538,Append Number %n
99483538,Check Recipe %n
99483538,Place Block %s %s
99483538,Plant Seeds %n %n
99485799,forever gun script
99485799,forever hurt script
99485799,forever key script
99485799,forever walk script
99485799,forever y vel. script
99485799,health
99485799,loop
99485799,walk
99485799,walk fast
99486032,forever gun script
99486032,forever hurt script
99486032,forever key script
99486032,forever walk script
99486032,forever y vel. script
99486032,health
99486032,loop
99486032,walk
99486032,walk fast
99486081,%s %n %n %n %s %n %n cent. %n hr? %n shadow %b
99488334,New customer
99488334,Reset clothing
99488407,position %n %n
99489179,Nothing
99491149,This is boring.
99491567,Don't Change The Internet. 'Twice'
99491567,Hardware Stand Perfrom. 'Before Selctions'
99493553,WAITCODE=23728291039386243278101-1819---328
99494459,Add To Harvest Now %n %n %n
99494459,Add To Harvest Now %n %s %n
99494459,Append Number %n
99494459,Check Recipe %n
99494459,Place Block %s %s
99494459,Plant Seeds %n %n
99495010,Being 01
99495010,Being 02
99495010,Being 03
99495010,Being 04
99495010,Being 05
99495010,Being 06
99495010,Being 07
99495010,Being Office MainHall
99495010,Being Showstage
99495412,Spawn Heart
99495954,Testing and moving
99496392,This is boring.
99496833,move up if touching ground
99498643,Spin %n
99499455,console
99500998,Spruce
99501926,position %n %n
99504130,Last Quiz
99504130,Next Quiz
99504130,Quiz
99505345,New customer
99505345,Reset clothing
99505554,Add To Harvest Now %n %n %n
99505554,Add To Harvest Now %n %s %n
99505554,Append Number %n
99505554,Check Recipe %n
99505554,Place Block %s %s
99505554,Plant Seeds %n %n
99514341,move up if touching ground
99518084,Walk %n %n max step %n
99518418,Get Touching %n %n
99518418,Place %n %n
99518418,Safe Save Level %s %n
99518418,Safe Save Score %s %n
99518418,Test Place %n %n
99522067,forever gun script
99522067,forever hurt script
99522067,forever key script
99522067,forever walk script
99522067,forever y vel. script
99522067,health
99522067,loop
99522067,walk
99522067,walk fast
99522167,forever gun script
99522167,forever hurt script
99522167,forever key script
99522167,forever walk script
99522167,forever y vel. script
99522167,health
99522167,loop
99522167,walk
99522167,walk fast
99525509,%s %n %n %n %s %n %n cent. %n hr? %n shadow %b
99532892,Add To Harvest Now %n %n %n
99532892,Add To Harvest Now %n %s %n
99532892,Append Number %n
99532892,Check Recipe %n
99532892,Place Block %s %s
99532892,Plant Seeds %n %n
99532979,AddSong
99534246,test down
99534246,test left
99534246,test right
99534246,test up
99534527,Joint calculated dots %n %n %n %n %n %n
99534527,recursion
99534593,%s
99535775,position %n %n
99537851,Is Tree %n last tmp %n
99538605,create standerd polygon with %n sides and %n side length
99539883,move up if touching ground
99541293,extension# %s
99543781,Append %s
99544085,Process Infomation
99545244,%s %n %n %n %s %n %n cent. %n hr? %n shadow %b xr %n
99545630,do something
99547205,Add To Harvest Now %n %n %n
99547205,Add To Harvest Now %n %s %n
99547205,Append Number %n
99547205,Check Recipe %n
99547205,Place Block %s %s
99547205,Plant Seeds %n %n
99549351,Walk %n %n max step %n
99552029,SpewingShrimp
99552187,This is boring.
99554822,Spin %n
99555004,Quiz1
99556326,Is Tree %n last tmp %n
99556326,Next Action
99556326,Open Inventory %n
99556326,Pickup Message, item %n count %n
99556326,Place (direct) %n %n
99557280,Add To Harvest Now %n %n %n
99557280,Add To Harvest Now %n %s %n
99557280,Append Number %n
99557280,Check Recipe %n
99557280,Place Block %s %s
99557280,Plant Seeds %n %n
99558847,Delete Linked %n %n
99558847,Fix Block %n
99558847,Place Block %n %n
99559389,draw fractal %n %n %n %n %n %n %n %n
99560953,Add To Harvest Now %n %n %n
99560953,Add To Harvest Now %n %s %n
99560953,Append Number %n
99560953,Check Recipe %n
99560953,Place Block %s %s
99560953,Plant Seeds %n %n
99561168,Run Command: %s
99561471,position %n %n
99563029,Walk %n %n max steep %n
99563029,Walk %n %n max step %n
99563370,map maze to %n
99563370,wall between %n %n and %n %n ?
99564283,Delete Linked %n %n
99564283,Fix Block %n
99564283,Place Block %n %n
99564664,tnt
99565125,Dig Up %n
99565125,Is Tree %n last tmp %n
99565125,Next Action
99565125,Open Inventory %n
99568858,Add To Harvest Now %n %n %n
99568858,Add To Harvest Now %n %s %n
99568858,Append Number %n
99568858,Check Recipe %n
99568858,Place Block %s %s
99568858,Plant Seeds %n %n
99569548,Being 01
99569548,Being 02
99569548,Being 03
99569548,Being 04
99569548,Being 05
99569548,Being 06
99569548,Being 07
99569548,Being Office MainHall
99569548,Being Showstage
99570986,appear
99571430,branck %n x %n y %n rot %n size %n sizedlf %n rotdlf %n
99572067,Add To Harvest Now %n %n %n
99572067,Add To Harvest Now %n %s %n
99572067,Append Number %n
99572067,Check Recipe %n
99572067,Place Block %s %s
99572067,Plant Seeds %n %n
99572672,bjj
99572672,cry
99574225,Set Costume %n
99575085,upercut combo? %s combo times %s
99575338,repeat %n times using recursion
99576376,upercut combo? %s combo times %s
99576979,forever gun script
99576979,forever hurt script
99578285,Is Tree %n last tmp %n
99578285,Next Action
99578285,Open Inventory %n
99578285,Pickup Message, item %n count %n
99578285,Place (direct) %n %n
99578772,upercut combo? %s combo times %s
99578874,Add To Harvest Now %n %n %n
99578874,Add To Harvest Now %n %s %n
99578874,Append Number %n
99578874,Check Recipe %n
99578874,Place Block %s %s
99578874,Plant Seeds %n %n
99578955,RandomName
99582239,Is Tree %n last tmp %n
99582239,Next Action
99582239,Open Inventory %n
99582239,Pickup Message, item %n count %n
99582239,Place (direct) %n %n
99583277,position %n %n
99583387,AddSong
99583735,Run Command: %s
99585469,Walk %n %n max step %n
99586896,upercut combo? %s combo times %s
99587666,PowerUps
99589494,Add To Harvest Now %n %n %n
99589494,Add To Harvest Now %n %s %n
99589494,Append Number %n
99589494,Check Recipe %n
99589494,Place Block %s %s
99589494,Plant Seeds %n %n
99589893,Add To Harvest Now %n %n %n
99589893,Add To Harvest Now %n %s %n
99589893,Append Number %n
99589893,Check Recipe %n
99589893,Place Block %s %s
99589893,Plant Seeds %n %n
99590070,Is Tree %n last tmp %n
99590070,Next Action
99590070,Open Inventory %n
99590070,Pickup Message, item %n count %n
99590070,Place (direct) %n %n
99591847,Append %s
99591847,Place Block %s %s
99591847,Plant Seeds %n %n
99592286,REPEAT
99592416,Walk %n %n
99594355,Reset
99594410,%b
99594798,Walk %n %n max step %n
99596427,Delete Linked %n %n
99596427,Fix Block %n
99596427,Place Block %n %n
99599572,Add To Harvest Now %n %n %n
99599572,Add To Harvest Now %n %s %n
99599572,Append Number %n
99599572,Check Recipe %n
99599572,Place Block %s %s
99599572,Plant Seeds %n %n
99600128,Delete Linked %n %n
99600128,Fix Block %n
99600128,Place Block %n %n
99601138,Walk %n %n max step %n
99602268,choose color %s  on %n
99603893,position %n %n
99604034,New ball
99606344,clutch open %n
99606344,nev veh %n
99606567,clutch open %n
99606567,nev veh %n
99607520,turn
99607610,AddSong
99608268,Tree %n deep, size %n
99611370,Tree %n %n %n %n %n %n %n
99611824,say %s
99617075,Draw Rect %n %n %n %n
99617075,Get Style State %n to %n
99617075,Invalidate larger from %n to %n
99617075,Set Paragraph Style %s from %n to %n
99618244,set cookie to %n
99618699,Add To Harvest Now %n %n %n
99618699,Add To Harvest Now %n %s %n
99618699,Append Number %n
99618699,Check Recipe %n
99618699,Place Block %s %s
99618699,Plant Seeds %n %n
99622264,Add To Harvest Now %n %n %n
99622264,Add To Harvest Now %n %s %n
99622264,Append Number %n
99622264,Check Recipe %n
99622264,Place Block %s %s
99622264,Plant Seeds %n %n
99622697,Draw Rect %n %n %n %n
99622697,Get Style State %n to %n par at: %n
99622697,Invalidate larger from %n to %n
99622697,Set Paragraph Style %s from %n to %n
99625536,say %s
99627732,position %n %n
99628119,upercut combo? %s combo times %s
99632566,position %n %n
99633559,???????? ??????????
99634703,???????? ??????????
99635853,upercut combo? %s combo times %s
99638528,???????? ??????????
99638528,???????????? ?????????????? ???? ??????????????
99638821,zombie
99640864,Add To Harvest Now %n %n %n
99640864,Add To Harvest Now %n %s %n
99640864,Append Number %n
99640864,Check Recipe %n
99640864,Place Block %s %s
99640864,Plant Seeds %n %n
99644798,or
99644858,Add To Harvest Now %n %n %n
99644858,Add To Harvest Now %n %s %n
99644858,Append Number %n
99644858,Check Recipe %n
99644858,Place Block %s %s
99644858,Plant Seeds %n %n
99645918,Add To Harvest Now %n %n %n
99645918,Add To Harvest Now %n %s %n
99645918,Append Number %n
99645918,Check Recipe %n
99645918,Place Block %s %s
99645918,Plant Seeds %n %n
99649261,GCD %n %n
99649484,??????
99650344,map maze to %n
99650344,wall between %n %n and %n %n ?
99652862,Kwadrat o boku %n
99653081,???????? ??????????
99656070,Add To Harvest Now %n %n %n
99656070,Add To Harvest Now %n %s %n
99656070,Append Number %n
99656070,Check Recipe %n
99656070,Place Block %s %s
99656070,Plant Seeds %n %n
99656818,attacking
99667644,wielo %n %n
99667788,Delete Linked %n %n
99667788,Fix Block %n
99667788,Place Block %n %n
99668313,wielo %n %n
99668326,wielo %n %n
99669210,???????? ??????????
99674332,Walk %n %n max step %n
99675182,Delete Linked %n %n
99675182,Fix Block %n
99675182,Place Block %n %n
99675402,position %n %n
99678710,AddBits_L2 %n %n
99678710,AddBitsFromNumber_L2 %n %n
99678710,AddCharBits_L3 %s %n %n %n %n
99678710,GetCheckSum %n
99678710,ReadBits_L2 %n
99678710,SortCharset_L2 %n
99678710,TranslateBits %n %n
99678710,TranslateBits_L2 %n %n %n %n
99678710,TrimInput %n %n %s
99678710,XcryptBits %n %n
99679071,???????? ??????????
99680985,RANKING
99681320,Delete Linked %n %n
99681320,Fix Block %n
99681320,Place Block %n %n
99683078,walk
99683933,Nothing
99691358,AddSong
99692705,Add To Harvest Now %n %n %n
99692705,Add To Harvest Now %n %s %n
99692705,Append Number %n
99692705,Check Recipe %n
99692705,Place Block %s %s
99692705,Plant Seeds %n %n
99692720,Redo
99693776,forever gun script
99693776,forever hurt script
99693776,forever key script
99693776,forever walk script
99693776,forever y vel. script
99693776,health
99693776,loop
99693776,walk
99693776,walk fast
99702994,Being Backstage
99702994,Being Dining Area
99702994,Being Dining Room
99702994,Being Easthall
99702994,Being Easthallcorner
99702994,Being in closet
99702994,Being in Dining Area
99702994,Being in stage
99702994,Being Kitchen
99702994,Being Office
99702994,Being Restrooms
99702994,Being Stage
99702994,Being Westhall
99702994,Being Westhallcorner
99704257,Add To Harvest Now %n %n %n
99704257,Add To Harvest Now %n %s %n
99704257,Append Number %n
99704257,Check Recipe %n
99704257,Place Block %s %s
99704257,Plant Seeds %n %n
99704602,move up if touching ground
99705438,cicle2 %n %n
99705438,circle %n %n
99708772,spirala %n %n
99708860,???????? ??????????
99714270,Add To Harvest Now %n %n %n
99714270,Add To Harvest Now %n %s %n
99714270,Append Number %n
99714270,Check Recipe %n
99714270,Place Block %s %s
99714270,Plant Seeds %n %n
99715656,Append %s
99715656,Place Block %s %s
99715656,Plant Seeds %n %n
99717429,Is Tree %n last tmp %n
99717429,Next Action
99717429,Open Inventory %n
99717429,Pickup Message, item %n count %n
99717429,Place (direct) %n %n
99721454,position %n %n
99723436,Is Tree %n last tmp %n
99723436,Next Action
99723436,Open Inventory %n
99723436,Pickup Message, item %n count %n
99723436,Place (direct) %n %n
99727190,Being 01
99727190,Being 02
99727190,Being 03
99727190,Being 04
99727190,Being 05
99727190,Being 06
99727190,Being 07
99727190,Being Game Area
99727190,Being OfficeMainHall
99727190,Being Parts&Service
99727190,Being Showstage
99727190,mangle hall
99727190,stage 1
99728847,Delete Linked %n %n
99728847,Fix Block %n
99728847,Place Block %n %n
99730374,Add To Harvest Now %n %n %n
99730374,Add To Harvest Now %n %s %n
99730374,Append Number %n
99730374,Check Recipe %n
99730374,Place Block %s %s
99730374,Plant Seeds %n %n
99731263,grow
99731407,position %n %n
99736766,Tree Level: %n Size: %n
99737527,Add To Harvest Now %n %n %n
99737527,Add To Harvest Now %n %s %n
99737527,Append Number %n
99737527,Check Recipe %n
99737527,Place Block %s %s
99737527,Plant Seeds %n %n
99737603,position %n %n
99744152,position %n %n
99744835,???????? ??????????
99746325,???????? ??????????
99746665,Find Angle %n %b
99750734,run away
99756116,repeat
99757422,Is Tree %n last tmp %n
99757422,Next Action
99757422,Open Inventory %n
99757422,Pickup Message, item %n count %n
99757422,Place (direct) %n %n
99757801,???????? ??????????
99761668,???????? ??????????
99761687,position %n %n
99762523,???????? ??????????
99763502,position %n %n
99764657,damage check
99765764,Magic
99766107,Safe Save Score %s %n score %n
99766107,skim %n %n %n len %n x,y: %n %n move? %b first? %b
99769106,go to randomized location
99769182,map maze to %n
99769182,wall between %n %n and %n %n ?
99769523,Is Tree %n last tmp %n
99769523,Next Action
99769523,Open Inventory %n
99769523,Pickup Message, item %n count %n
99769523,Place (direct) %n %n
99770714,Add To Harvest Now %n %n %n
99770714,Add To Harvest Now %n %s %n
99770714,Append Number %n
99770714,Check Recipe %n
99770714,Place Block %s %s
99770714,Plant Seeds %n %n
99774667,Being 01
99774667,Being 02
99774667,Being 03
99774667,Being 04
99774667,Being 05
99774667,Being 06
99774667,Being 07
99774667,Being Office MainHall
99774667,Being Showstage
99775259,???????? ??????????
99777264,use up key to jump
99779509,Tree Level: %n Size: %n
99779762,???????? ??????????
99781588,New customer
99781588,Reset clothing
99782362,AddSong
99784902,???????? ??????????
99785308,dot %n %n %n
99785410,dot %n %n %n
99787109,Safe Save Score %s %n score %n
99787109,skim %n %n %n len %n x,y: %n %n move? %b first? %b
99788026,Is Tree %n last tmp %n
99788026,Next Action
99788026,Open Inventory %n
99788026,Pickup Message, item %n count %n
99788026,Place (direct) %n %n
99788574,Draw Spiral of size %n
99789076,power up loop cycle
99789281,do something
99790706,Ice Sign *Icicle Fall* -Easy, %n , %n + %n , %n
99791230,Walk %n %n max step %n
99791486,do something
99792624,???????? ??????????
99792695,position %n %n
99794221,Is Tree %n last tmp %n
99794221,Next Action
99794221,Open Inventory %n
99794221,Pickup Message, item %n count %n
99794221,Place (direct) %n %n
99795676,Repeat
99796917,?????? ????????? %n
99796917,????????? ?????? %n
99796917,??????????????? ?????? %n
99796917,??????????????? ????????? %n
99797465,Say Hi %n
99798893,Add To Harvest Now %n %n %n
99798893,Add To Harvest Now %n %s %n
99798893,Append Number %n
99798893,Check Recipe %n
99798893,Place Block %s %s
99798893,Plant Seeds %n %n
99800240,Delete Linked %n %n
99800240,Fix Block %n
99800240,Place Block %n %n
99801398,Is Tree %n last tmp %n
99801398,Next Action
99801398,Open Inventory %n
99801398,Pickup Message, item %n count %n
99801398,Place (direct) %n %n
99801547,Walk %n %n max step %n
99801965,convert decimal %n to radix %n
99806254,poplava %n %n
99808042,Add To Harvest Now %n %n %n
99808042,Add To Harvest Now %n %s %n
99808042,Append Number %n
99808042,Check Recipe %n
99808042,Place Block %s %s
99808042,Plant Seeds %n %n
99809797,Get Touching %n %n
99809797,Place %n %n
99809797,Safe Save Level %s %n
99809797,Safe Save Score %s %n
99809797,Test Place %n %n
99814148,Set Costume %n
99821165,position %n %n
99824360,Ja nej
99831305,%s %n %n %n %s %n %n cent. %n hr? %n shadow %b wrap at %n
99834222,pregunta 1
99834222,pregunta 2
99834222,pregunta3
99834222,resta 1
99834222,resta 2
99834222,resta 3
99834798,Is Tree %n last tmp %n
99834798,Next Action
99834798,Open Inventory %n
99834798,Pickup Message, item %n count %n
99834798,Place (direct) %n %n
99834967,Add To Harvest Now %n %n %n
99834967,Add To Harvest Now %n %s %n
99834967,Append Number %n
99834967,Check Recipe %n
99834967,Place Block %s %s
99834967,Plant Seeds %n %n
99835829,position %n %n
99835929,PowerUps
99836532,forever gun script
99836532,forever hurt script
99836532,forever key script
99836532,forever walk script
99836532,forever y vel. script
99836532,health
99836532,loop
99836532,walk
99836532,walk fast
99839387,Is Tree %n last tmp %n
99839387,Next Action
99839387,Open Inventory %n
99839387,Pickup Message, item %n count %n
99839387,Place (direct) %n %n
99839556,Get Touching %n %n
99839556,Place %n %n
99839556,Safe Save Level %s %n
99839556,Safe Save Score %s %n
99839556,Test Place %n %n
99842465,???????? ??????????
99843060,Add To Harvest Now %n %n %n
99843060,Add To Harvest Now %n %s %n
99843060,Append Number %n
99843060,Check Recipe %n
99843060,Place Block %s %s
99843060,Plant Seeds %n %n
99843133,Add To Harvest Now %n %n %n
99843133,Add To Harvest Now %n %s %n
99843133,Append Number %n
99843133,Check Recipe %n
99843133,Place Block %s %s
99843133,Plant Seeds %n %n
99843564,Delete Linked %n %n
99843564,Fix Block %n
99843564,Place Block %n %n
99843872,hanoi %n %s %s %s
99845773,position %n %n
99846725,Joint calculated dots %n %n %n %n %n %n
99846725,recursion
99847348,???????? ??????????
99851885,Add To Harvest Now %n %n %n
99851885,Add To Harvest Now %n %s %n
99851885,Append Number %n
99851885,Check Recipe %n
99851885,Place Block %s %s
99851885,Plant Seeds %n %n
99856205,Walk %n %n max step %n
99862318,position %n %n
99865227,do something
99865908,AddSong
99875394,Append %s
99875574,Delete Linked %n %n
99875574,Fix Block %n
99875574,Place Block %n %n
99879151,iphone 6
99882097,???????? ??????????
99885050,q1
99885050,q2
99885050,q3
99885050,q4
99885050,q5
99887968,forever gun script
99887968,forever hurt script
99887968,forever key script
99887968,forever walk script
99887968,forever y vel. script
99887968,health
99887968,loop
99887968,walk
99887968,walk fast
99889152,???????? ??????????
99889553,Delete Linked %n %n
99889553,Fix Block %n
99889553,Place Block %n %n
99892207,power up loop cycle
99893101,Being 01
99893101,Being 02
99893101,Being 03
99893101,Being 04
99893101,Being 05
99893101,Being 06
99893101,Being 07
99893101,Being Game Area
99893101,Being OfficeMainHall
99893101,Being Parts&Service
99893101,Being Showstage
99893101,mangle hall
99893101,stage 1
99894254,Add To Harvest Now %n %n %n
99894254,Add To Harvest Now %n %s %n
99894254,Append Number %n
99894254,Check Recipe %n
99894254,Place Block %s %s
99894254,Plant Seeds %n %n
99894321,power up loop cycle
99901536,:(
99901536,color
99906200,position %n %n
99911546,what to do?
99912570,Walk %n %n max step %n
99917471,Is Tree %n last tmp %n
99917471,Next Action
99917471,Open Inventory %n
99917471,Pickup Message, item %n count %n
99917471,Place (direct) %n %n
99920550,Add To Harvest Now %n %n %n
99920550,Add To Harvest Now %n %s %n
99920550,Append Number %n
99920550,Check Recipe %n
99920550,Place Block %s %s
99920550,Plant Seeds %n %n
99922239,Walk %n %n max step %n
99922730,change color
99925682,Dig Up %n
99925682,Is Tree %n last tmp %n
99925682,Next Action
99925682,Open Inventory %n
99925682,Place (direct) %n %n
99925983,forever gun script
99925983,forever hurt script
99925983,forever key script
99925983,forever walk script
99925983,forever y vel. script
99925983,health
99925983,loop
99925983,walk
99925983,walk fast
99927078,Is Tree %n last tmp %n
99927078,Next Action
99927078,Open Inventory %n
99927078,Pickup Message, item %n count %n
99927078,Place (direct) %n %n
99927500,Is Tree %n last tmp %n
99927500,Next Action
99927500,Open Inventory %n
99927500,Pickup Message, item %n count %n
99927500,Place (direct) %n %n
99928697,Add To Harvest Now %n %n %n
99928697,Add To Harvest Now %n %s %n
99928697,Append Number %n
99928697,Check Recipe %n
99928697,Place Block %s %s
99928697,Plant Seeds %n %n
99930072,be happy
99930283,koch %n %n
99930643,???????? ??????????
99935643,Is Tree %n last tmp %n
99935643,Next Action
99935643,Open Inventory %n
99935643,Pickup Message, item %n count %n
99935643,Place (direct) %n %n
99941487,Set Costume %n
99941775,Delete Linked %n %n
99941775,Fix Block %n
99941775,Place Block %n %n
99943630,Is Tree %n last tmp %n
99943630,Next Action
99943630,Open Inventory %n
99943630,Pickup Message, item %n count %n
99943630,Place (direct) %n %n
99945329,Add To Harvest Now %n %n %n
99945329,Add To Harvest Now %n %s %n
99945329,Append Number %n
99945329,Check Recipe %n
99945329,Place Block %s %s
99945329,Plant Seeds %n %n
99945804,This is boring.
99946370,Is Tree %n last tmp %n
99946370,Next Action
99946370,Open Inventory %n
99946370,Pickup Message, item %n count %n
99946370,Place (direct) %n %n
99946433,Set Costume %n
99947478,homade forever block
99947864,when %b
99948525,Append %s
99950445,???????? ??????????
99950848,power up loop cycle
99954591,Delete Linked %n %n
99954591,Fix Block %n
99954591,Place Block %n %n
99959750,:(
99959750,color
99960536,Being Backstage
99960536,Being Dining Area
99960536,Being Dining Room
99960536,Being Easthall
99960536,Being Easthallcorner
99960536,Being in closet
99960536,Being in Dining Area
99960536,Being in stage
99960536,Being Kitchen
99960536,Being Office
99960536,Being Restrooms
99960536,Being Stage
99960536,Being Westhall
99960536,Being Westhallcorner
99963235,???????? ??????????
99963549,Is Tree %n last tmp %n
99963549,Next Action
99963549,Open Inventory %n
99963549,Pickup Message, item %n count %n
99963549,Place (direct) %n %n
99963606,Dig Up %n
99963606,Is Tree %n last tmp %n
99963606,Next Action
99963606,Open Inventory %n
99963606,Place (direct) %n %n
