projectID,scriptID,script,clones across sprites,,,,,,,,
98987912,5,"whenIReceive,doIfElse,touching:,show,hide",974,,,,,,,,
98618336,5,"whenIReceive,doIfElse,touching:,show,hide",974,,,,,,,,
99845343,5,"whenIReceive,doIfElse,touching:,show,hide",569,,,,,,,,
99469945,5,"whenIReceive,doIfElse,touching:,show,hide",569,,,,,,,,
98494953,5,"whenIReceive,doIfElse,touching:,show,hide",569,,,,,,,,
98609984,5,"whenIReceive,doIfElse,touching:,show,hide",560,,,,,,,,
97431875,13,"whenIReceive,setSizeTo:,heading:,show,doForever,doIf,touching:,broadcast:,doRepeat,changeGraphicEffect:by:,changeSizeBy:,hide,changeVar:by:",498,,,,,,,,
94399543,8,"whenGreenFlag,show,setVar:to:,doForever,doIf,touching:,hide,changeVar:by:",354,,,,,,,,
99547271,12,"whenGreenFlag,doForever,doIf,touching:,doIf,|,=,costumeIndex,=,costumeIndex,changeVar:by:,wait:elapsed:from:",348,,,,,,,,
96186510,10,"whenGreenFlag,wait:elapsed:from:,doForever,doIf,list:contains:,setVar:to:,*,readVariable,wait:elapsed:from:,stopScripts",345,,,,,,,,
98768234,6,"whenGreenFlag,doForever,ypos:,+,readVariable,*",338,,,,,,,,
98768234,6,"whenGreenFlag,doForever,xpos:,+,readVariable,*",337,,,,,,,,
99752652,5,"whenGreenFlag,doForever,doIf,keyPressed:,hide",309,,,,,,,,
98648632,6,"whenGreenFlag,hide,wait:elapsed:from:,show,wait:elapsed:from:,hide",299,,,,,,,,
99630484,16,"whenGreenFlag,wait:elapsed:from:,doForever,doIf,=,readVariable,doIf,&gt;,readVariable,doForever,doIf,&lt;,readVariable,wait:elapsed:from:,setVar:to:,randomFrom:to:",284,,,,,,,,
98562383,6,"whenIReceive,lookLike:,show,doForever,wait:elapsed:from:,nextCostume",262,,,,,,,,
98562383,14,"whenIReceive,setVar:to:,wait:elapsed:from:,doForever,doIf,touching:,changeVar:by:,wait:elapsed:from:,doIf,&gt;,readVariable,hide,doBroadcastAndWait,stopScripts",261,,,,,,,,
98376439,28,"whenGreenFlag,setSizeTo:,show,doForever,doIf,touching:,playSound:,changeVar:by:,broadcast:,hide,wait:elapsed:from:,randomFrom:to:,doIfElse,=,randomFrom:to:,gotoX:y:,randomFrom:to:,heading:,randomFrom:to:,gotoX:y:,randomFrom:to:,heading:,randomFrom:to:,show,turnRight:,randomFrom:to:,forward:,bounceOffEdge",254,,,,,,,,
98562383,14,"whenIReceive,setVar:to:,wait:elapsed:from:,doForever,doIf,touching:,changeVar:by:,broadcast:,wait:elapsed:from:,doIf,&gt;,readVariable,hide,doBroadcastAndWait",253,,,,,,,,
98587070,23,"whenGreenFlag,setSizeTo:,doForever,doIfElse,&amp;,&amp;,&amp;,&lt;,xpos,&lt;,xpos,&amp;,&lt;,ypos,&lt;,ypos,&amp;,&lt;,readVariable,=,readVariable,show,hide",251,,,,,,,,
98587070,8,"whenGreenFlag,doForever,xpos:,-,readVariable,ypos:,-,readVariable",247,,,,,,,,
96186510,10,"whenGreenFlag,wait:elapsed:from:,doForever,doIf,list:contains:,changeVar:by:,+,randomFrom:to:,wait:elapsed:from:,stopScripts",247,,,,,,,,
99590399,5,"whenKeyPressed,doIf,touching:,changeVar:by:,hide",244,,,,,,,,
99551288,5,"whenGreenFlag,doForever,doIf,touching:,doBroadcastAndWait",242,,,,,,,,
99928366,6,"whenIReceive,doForever,xpos:,+,readVariable,*",241,,,,,,,,
99928366,6,"whenIReceive,doForever,ypos:,+,readVariable,*",241,,,,,,,,
99535338,6,"whenIReceive,doForever,xpos:,+,readVariable,*",241,,,,,,,,
99535338,6,"whenIReceive,doForever,ypos:,+,readVariable,*",241,,,,,,,,
99185102,6,"whenIReceive,doForever,xpos:,+,readVariable,*",241,,,,,,,,
99185102,6,"whenIReceive,doForever,ypos:,+,readVariable,*",241,,,,,,,,
98082407,6,"whenIReceive,doForever,xpos:,+,readVariable,*",241,,,,,,,,
98082407,6,"whenIReceive,doForever,ypos:,+,readVariable,*",241,,,,,,,,
97430803,11,"whenGreenFlag,setSizeTo:,heading:,hide,doForever,doIf,touching:,broadcast:,doRepeat,hide,changeVar:by:",238,,,,,,,,
97430803,11,"whenIReceive,setSizeTo:,heading:,show,doForever,doIf,touching:,broadcast:,doRepeat,hide,changeVar:by:",238,,,,,,,,
99554528,5,"whenIReceive,comeToFront,show,gotoX:y:,glideSecs:toX:y:elapsed:from:",237,,,,,,,,
99160113,6,"whenGreenFlag,doForever,doIf,touching:,hide,changeVar:by:",232,,,,,,,,
98562383,10,"whenIReceive,pointTowards:,gotoX:y:,doForever,doIf,touching:,heading:,randomFrom:to:,forward:,bounceOffEdge",222,,,,,,,,
98194934,8,"whenClicked,doIf,touching:,doIfElse,list:contains:,broadcast:,broadcast:,hide",221,,,,,,,,
95761381,5,"whenKeyPressed,doIf,touching:,changeVar:by:,hide",212,,,,,,,,
98958891,5,"whenClicked,doIf,&lt;,distanceTo:,changeVar:by:",211,,,,,,,,
98958891,6,"whenIReceive,doForever,doIf,=,readVariable,hide",211,,,,,,,,
97421573,5,"doRepeat,changeGraphicEffect:by:,changeGraphicEffect:by:,changeSizeBy:,turnRight:",204,,,,,,,,
98941003,5,"whenIReceive,doIf,not,touching:,hide",203,,,,,,,,
98941003,9,"whenIReceive,doIfElse,touching:,show,doIfElse,=,readVariable,show,hide",203,,,,,,,,
98941003,10,"whenGreenFlag,gotoX:y:,doIfElse,touching:,show,doIfElse,=,readVariable,show,hide",203,,,,,,,,
98958891,8,"whenIReceive,doForever,doIf,=,readVariable,playSound:,randomFrom:to:,wait:elapsed:from:",202,,,,,,,,
98958891,24,"whenIReceive,setVar:to:,doForever,xpos:,+,readVariable,*,doIf,keyPressed:,changeVar:by:,doIf,keyPressed:,changeVar:by:,doIfElse,|,&gt;,xpos,&lt;,xpos,hide,doIf,=,readVariable,show",202,,,,,,,,
99149163,13,"whenGreenFlag,doForever,createCloneOf,gotoX:y:,randomFrom:to:,randomFrom:to:,say:duration:elapsed:from:,turnLeft:,playSound:,lookLike:,wait:elapsed:from:,lookLike:,broadcast:",195,,,,,,,,
98739466,12,"whenIReceive,doIf,=,getUserName,readVariable,doIf,=,readVariable,doForever,setVar:to:,costumeIndex,wait:elapsed:from:",194,,,,,,,,
98739466,12,"whenIReceive,show,doIf,=,getUserName,doIf,=,readVariable,doForever,setVar:to:,costumeIndex,wait:elapsed:from:",194,,,,,,,,
98739466,13,"whenIReceive,setSizeTo:,show,doIf,=,getUserName,doIf,=,readVariable,doForever,setVar:to:,costumeIndex,wait:elapsed:from:",194,,,,,,,,
98739466,17,"whenIReceive,doIf,=,getUserName,readVariable,setVar:to:,costumeIndex,doIf,=,getUserName,setVar:to:,costumeIndex,doIf,=,getUserName,setVar:to:,costumeIndex",194,,,,,,,,
98739466,31,"whenGreenFlag,hide,doIf,not,|,=,getUserName,|,=,getUserName,readVariable,=,getUserName,lookLike:,readVariable,doIf,=,getUserName,readVariable,lookLike:,readVariable,doIf,=,getUserName,lookLike:,readVariable,doIf,=,getUserName,lookLike:,readVariable",194,,,,,,,,
98739466,70,"whenClicked,doIf,=,readVariable,lookLike:,broadcast:,doIf,=,readVariable,lookLike:,doIf,=,readVariable,lookLike:,doIf,=,readVariable,lookLike:,doIf,=,readVariable,lookLike:,doIf,=,readVariable,lookLike:,doIf,=,readVariable,lookLike:,doIf,=,readVariable,lookLike:,doIf,=,readVariable,lookLike:,doIf,=,readVariable,lookLike:,doIf,=,readVariable,lookLike:,doIf,=,readVariable,lookLike:,doIf,=,readVariable,lookLike:,doIf,=,readVariable,lookLike:,doIf,=,readVariable,lookLike:,doIf,=,readVariable,lookLike:,doIf,=,readVariable,lookLike:",194,,,,,,,,
98972084,6,"whenKeyPressed,doRepeat,doForever,forward:,changeGraphicEffect:by:,bounceOffEdge",193,,,,,,,,
98508244,5,"whenIReceive,doIf,not,touching:,hide",188,,,,,,,,
98412925,5,"whenIReceive,doIf,not,touching:,hide",188,,,,,,,,
97936018,5,"whenClicked,doIf,=,readVariable,broadcast:",188,,,,,,,,
94987933,5,"whenKeyPressed,doIf,=,readVariable,createCloneOf",185,,,,,,,,
94987933,6,"whenGreenFlag,gotoX:y:,setVar:to:,setSizeTo:,lookLike:,hide",185,,,,,,,,
94987933,17,"whenCloned,setVar:to:,show,setGraphicEffect:to:,randomFrom:to:,xpos:,randomFrom:to:,doRepeat,randomFrom:to:,changeYposBy:,nextCostume,playSound:,doRepeat,changeSizeBy:,changeGraphicEffect:by:,changeGraphicEffect:by:,deleteClone",185,,,,,,,,
99014061,10,"whenGreenFlag,hide,doForever,doIf,touching:,changeVar:by:,changeVar:by:,changeVar:by:,changeVar:by:,hide",181,,,,,,,,
99014061,9,"whenGreenFlag,doForever,doIf,touching:,changeVar:by:,changeVar:by:,changeVar:by:,changeVar:by:,hide",180,,,,,,,,
99581608,6,"whenGreenFlag,doForever,doIf,touching:,changeVar:by:,hide",177,,,,,,,,
98611113,6,"whenGreenFlag,gotoX:y:,heading:,doForever,bounceOffEdge,forward:",175,,,,,,,,
98611113,9,"whenGreenFlag,doForever,doIf,touching:,changeVar:by:,playSound:,turnRight:,randomFrom:to:,forward:",175,,,,,,,,
89156940,8,"whenGreenFlag,doForever,doIf,touching:,doIf,=,readVariable,doPlaySoundAndWait",171,,,,,,,,
99910301,10,"whenIReceive,show,doForever,doIf,=,touching:,hide,changeVar:by:,changeVar:by:,playSound:",170,,,,,,,,
99910301,15,"whenGreenFlag,show,setSizeTo:,gotoX:y:,doIf,=,readVariable,doForever,doIf,=,touching:,hide,changeVar:by:,changeVar:by:,playSound:",170,,,,,,,,
99910113,10,"whenIReceive,show,doForever,doIf,=,touching:,hide,changeVar:by:,changeVar:by:,playSound:",170,,,,,,,,
99910113,15,"whenGreenFlag,show,setSizeTo:,gotoX:y:,doIf,=,readVariable,doForever,doIf,=,touching:,hide,changeVar:by:,changeVar:by:,playSound:",170,,,,,,,,
92966244,9,"whenIReceive,gotoX:y:,show,doForever,doIf,touching:,changeVar:by:,hide,stopScripts",169,,,,,,,,
89156940,11,"whenIReceive,wait:elapsed:from:,show,gotoX:y:,doForever,doIf,touching:,wait:elapsed:from:,hide,changeVar:by:,changeVar:by:",169,,,,,,,,
97430691,11,"whenIReceive,setSizeTo:,heading:,show,doForever,doIf,touching:,broadcast:,doRepeat,hide,changeVar:by:",167,,,,,,,,
54801282,5,"whenKeyPressed,heading:,doForever,forward:,bounceOffEdge",167,,,,,,,,
99547271,6,"whenGreenFlag,doForever,doIf,touching:,changeVar:by:,hide",164,,,,,,,,
98853168,6,"whenGreenFlag,hide,wait:elapsed:from:,show,wait:elapsed:from:,hide",164,,,,,,,,
97430414,15,"whenIReceive,setSizeTo:,heading:,show,doForever,doIf,touching:,broadcast:,doRepeat,changeGraphicEffect:by:,setGraphicEffect:to:,changeSizeBy:,turnRight:,hide,changeVar:by:",164,,,,,,,,
98495028,5,"whenIReceive,doIf,not,touching:,hide",162,,,,,,,,
97430691,11,"whenGreenFlag,setSizeTo:,heading:,hide,doForever,doIf,touching:,broadcast:,doRepeat,hide,changeVar:by:",162,,,,,,,,
99549734,6,"whenCloned,doForever,doIf,=,readVariable,deleteClone",160,,,,,,,,
99085090,6,"whenCloned,doForever,doIf,=,readVariable,deleteClone",160,,,,,,,,
98870919,6,"whenCloned,doForever,doIf,=,readVariable,deleteClone",160,,,,,,,,
97790616,6,"whenCloned,doForever,doIf,=,readVariable,deleteClone",160,,,,,,,,
99620081,5,"whenIReceive,doIf,not,touching:,hide",159,,,,,,,,
98867458,8,"whenIReceive,doIf,=,readVariable,doIf,=,getLine:ofList:,setGraphicEffect:to:",159,,,,,,,,
98717388,8,"whenIReceive,doIf,=,readVariable,doIf,=,getLine:ofList:,setGraphicEffect:to:",159,,,,,,,,
96186510,8,"whenGreenFlag,wait:elapsed:from:,doForever,doIf,list:contains:,changeVar:by:,wait:elapsed:from:,stopScripts",157,,,,,,,,
99328496,11,"whenIReceive,stopScripts,doForever,hide,lookLike:,randomFrom:to:,gotoX:y:,wait:elapsed:from:,randomFrom:to:,show,glideSecs:toX:y:elapsed:from:",156,,,,,,,,
99766963,18,"whenGreenFlag,doForever,gotoX:y:,randomFrom:to:,randomFrom:to:,wait:elapsed:from:,gotoX:y:,randomFrom:to:,randomFrom:to:,wait:elapsed:from:,gotoX:y:,randomFrom:to:,randomFrom:to:,wait:elapsed:from:,gotoX:y:,randomFrom:to:,randomFrom:to:,wait:elapsed:from:",155,,,,,,,,
99551388,5,"whenGreenFlag,hide,wait:elapsed:from:,doForever,show",147,,,,,,,,
97431976,10,"whenIReceive,setSizeTo:,heading:,show,doForever,doIf,touching:,broadcast:,hide,changeVar:by:",146,,,,,,,,
95272445,9,"whenIReceive,show,changeVar:by:,doForever,doIf,touching:,broadcast:,hide,stopScripts",145,,,,,,,,
95807272,9,"whenGreenFlag,show,doForever,stopAllSounds,doIf,touching:,hide,changeVar:by:,playSound:",144,,,,,,,,
99845343,5,"whenSceneStarts,doIfElse,touching:,show,hide",143,,,,,,,,
99469945,5,"whenSceneStarts,doIfElse,touching:,show,hide",143,,,,,,,,
98494953,5,"whenSceneStarts,doIfElse,touching:,show,hide",143,,,,,,,,
87633178,14,"whenIReceive,gotoX:y:,show,lookLike:,doForever,doIf,touching:,broadcast:,changeVar:by:,doRepeat,nextCostume,lookLike:,wait:elapsed:from:,hide",143,,,,,,,,
98807651,8,"whenGreenFlag,gotoX:y:,show,doForever,doIf,touching:,hide,changeVar:by:",142,,,,,,,,
95761381,6,"whenIReceive,doForever,turnRight:,randomFrom:to:,forward:,bounceOffEdge",141,,,,,,,,
98610785,5,"whenKeyPressed,doIf,not,touching:,hide",140,,,,,,,,
97318718,16,"whenGreenFlag,doForever,doIf,&amp;,touching:,mousePressed,setVar:to:,lookLike:,readVariable,doIfElse,=,readVariable,setGraphicEffect:to:,setGraphicEffect:to:,setLine:ofList:to:,readVariable",140,,,,,,,,
99620683,6,"whenGreenFlag,doForever,doIf,touching:,hide,changeVar:by:",136,,,,,,,,
99553755,6,"whenGreenFlag,doForever,doIf,touching:,hide,changeVar:by:",136,,,,,,,,
99215421,6,"whenGreenFlag,doForever,doIf,touching:,hide,changeVar:by:",136,,,,,,,,
98929302,6,"whenGreenFlag,doForever,doIf,touching:,hide,changeVar:by:",136,,,,,,,,
99180388,6,"whenGreenFlag,doForever,doIf,touching:,hide,changeVar:by:",135,,,,,,,,
98201944,10,"whenSceneStarts,show,doForever,doIf,touching:,lookLike:,doIf,not,touching:,lookLike:",131,,,,,,,,
97432220,10,"whenGreenFlag,setSizeTo:,heading:,hide,doForever,doIf,touching:,broadcast:,hide,changeVar:by:",131,,,,,,,,
98843276,11,"setVar:to:,%,rounded,getParam,doWaitUntil,=,readVariable,%,getLine:ofList:,+,readVariable",130,,,,,,,,
98843276,13,"changeVar:by:,rounded,getParam,setVar:to:,%,readVariable,doWaitUntil,=,readVariable,%,getLine:ofList:,+,readVariable",130,,,,,,,,
94399543,9,"whenGreenFlag,show,setVar:to:,doForever,doIf,touching:,playSound:,hide,changeVar:by:",126,,,,,,,,
98706502,5,"whenIReceive,doWaitUntil,=,readVariable,hide",122,,,,,,,,
93322498,6,"whenGreenFlag,gotoX:y:,doForever,doIf,touching:,say:duration:elapsed:from:",122,,,,,,,,
96238765,9,"whenSceneStarts,show,gotoX:y:,doForever,doIf,touching:,playSound:,hide,changeVar:by:",121,,,,,,,,
95761381,9,"whenIReceive,doForever,doIfElse,=,readVariable,doIf,touching:,changeVar:by:,hide",121,,,,,,,,
99349789,7,"whenGreenFlag,show,doForever,doIf,touching:,hide,changeVar:by:",120,,,,,,,,
99551288,5,"whenGreenFlag,doForever,doIf,touching:,broadcast:",119,,,,,,,,
96600798,39,"whenGreenFlag,hide,wait:elapsed:from:,randomFrom:to:,doIfElse,=,randomFrom:to:,xpos:,heading:,xpos:,heading:,ypos:,randomFrom:to:,show,setSizeTo:,doForever,doIf,touching:,wait:elapsed:from:,playSound:,changeVar:by:,hide,wait:elapsed:from:,randomFrom:to:,doIfElse,=,randomFrom:to:,xpos:,heading:,xpos:,heading:,ypos:,randomFrom:to:,show,turnRight:,randomFrom:to:,forward:,bounceOffEdge,wait:elapsed:from:",119,,,,,,,,
99136013,6,"whenIReceive,doForever,doIfElse,touching:,show,hide",118,,,,,,,,
99133202,6,"whenIReceive,doForever,doIfElse,touching:,show,hide",118,,,,,,,,
98499070,6,"whenIReceive,doForever,doIfElse,touching:,show,hide",118,,,,,,,,
99160148,7,"whenGreenFlag,doForever,doIf,touching:,setVar:to:,wait:elapsed:from:,setVar:to:",117,,,,,,,,
95761381,6,"whenGreenFlag,doForever,doIf,=,backgroundIndex,hide",117,,,,,,,,
98292489,5,"doForever,doIf,=,readVariable,hide",116,,,,,,,,
98292489,7,"whenSceneStarts,show,doForever,doIf,touching:,hide,changeVar:by:",116,,,,,,,,
97432220,20,"whenIReceive,setSizeTo:,heading:,show,doForever,doIf,touching:,broadcast:,hide,changeVar:by:,doIf,touching:,broadcast:,hide,changeVar:by:,doIf,touching:,broadcast:,hide,changeVar:by:",116,,,,,,,,
97431976,15,"whenGreenFlag,setSizeTo:,heading:,show,doForever,doIf,touching:,broadcast:,doRepeat,changeGraphicEffect:by:,changeGraphicEffect:by:,changeSizeBy:,turnRight:,hide,changeVar:by:",116,,,,,,,,
94603620,6,"whenGreenFlag,show,doForever,doIf,touching:,hide",116,,,,,,,,
85486002,5,"whenGreenFlag,doForever,doIf,touching:,hide",116,,,,,,,,
98850729,14,"whenGreenFlag,hide,gotoX:y:,randomFrom:to:,randomFrom:to:,penColor:,clearPenTrails,penSize:,putPenDown,doForever,putPenUp,putPenDown,wait:elapsed:from:,changePenSizeBy:",115,,,,,,,,
97421225,15,"whenGreenFlag,setSizeTo:,heading:,hide,doForever,doIf,touching:,broadcast:,doRepeat,changeGraphicEffect:by:,changeGraphicEffect:by:,changeSizeBy:,turnRight:,hide,changeVar:by:",115,,,,,,,,
97421599,16,"whenIReceive,gotoX:y:,show,heading:,setSizeTo:,doForever,doIf,touching:,broadcast:,doRepeat,changeGraphicEffect:by:,changeGraphicEffect:by:,changeSizeBy:,turnRight:,hide,changeVar:by:",114,,,,,,,,
99772802,9,"whenIReceive,show,changeVar:by:,doForever,doIf,touching:,broadcast:,hide,stopScripts",111,,,,,,,,
99561661,8,"whenGreenFlag,setVar:to:,show,doForever,doIf,touching:,hide,changeVar:by:",111,,,,,,,,
99488813,38,"whenIReceive,show,wait:elapsed:from:,changeGraphicEffect:by:,wait:elapsed:from:,changeGraphicEffect:by:,wait:elapsed:from:,changeGraphicEffect:by:,wait:elapsed:from:,changeGraphicEffect:by:,wait:elapsed:from:,changeGraphicEffect:by:,wait:elapsed:from:,changeGraphicEffect:by:,wait:elapsed:from:,changeGraphicEffect:by:,wait:elapsed:from:,changeGraphicEffect:by:,wait:elapsed:from:,changeGraphicEffect:by:,wait:elapsed:from:,changeGraphicEffect:by:,wait:elapsed:from:,changeGraphicEffect:by:,wait:elapsed:from:,changeGraphicEffect:by:,wait:elapsed:from:,changeGraphicEffect:by:,wait:elapsed:from:,changeGraphicEffect:by:,wait:elapsed:from:,changeGraphicEffect:by:,wait:elapsed:from:,changeGraphicEffect:by:,wait:elapsed:from:,changeGraphicEffect:by:,broadcast:,hide",110,,,,,,,,
99516452,73,"whenGreenFlag,hide,penSize:,clearPenTrails,doForever,setVar:to:,randomFrom:to:,setVar:to:,randomFrom:to:,doIfElse,&lt;,computeFunction:of:,+,*,+,readVariable,+,readVariable,*,+,readVariable,+,readVariable,penColor:,gotoX:y:,readVariable,readVariable,putPenDown,putPenUp,setVar:to:,randomFrom:to:,setVar:to:,randomFrom:to:,doIfElse,&lt;,computeFunction:of:,+,*,readVariable,readVariable,*,readVariable,readVariable,penColor:,gotoX:y:,readVariable,readVariable,putPenDown,putPenUp,setVar:to:,randomFrom:to:,setVar:to:,randomFrom:to:,doIfElse,&lt;,computeFunction:of:,+,*,+,readVariable,+,readVariable,*,+,readVariable,+,readVariable,penColor:,gotoX:y:,readVariable,readVariable,putPenDown,putPenUp",109,,,,,,,,
98820727,6,"whenGreenFlag,hide,wait:elapsed:from:,show,wait:elapsed:from:,hide",108,,,,,,,,
99554528,15,"whenIReceive,show,gotoX:y:,playSound:,doRepeat,lookLike:,wait:elapsed:from:,lookLike:,wait:elapsed:from:,lookLike:,wait:elapsed:from:,lookLike:,wait:elapsed:from:,broadcast:,hide",107,,,,,,,,
99428575,15,"whenSceneStarts,setVar:to:,showVariable:,show,gotoX:y:,turnRight:,randomFrom:to:,doForever,forward:,bounceOffEdge,doIf,touching:,changeVar:by:,say:duration:elapsed:from:,timer",106,,,,,,,,
98534203,7,"whenIReceive,doForever,doIf,touching:,hide,changeVar:by:,changeVar:by:",106,,,,,,,,
97506818,6,"whenGreenFlag,doForever,doIf,touching:,hide,changeVar:by:",106,,,,,,,,
99414532,6,"whenGreenFlag,doForever,doIf,=,readVariable,lookLike:",105,,,,,,,,
98508244,5,"whenKeyPressed,doIf,not,touching:,hide",105,,,,,,,,
98412925,5,"whenKeyPressed,doIf,not,touching:,hide",105,,,,,,,,
99547271,12,"whenIReceive,doForever,doIf,keyPressed:,doIf,|,=,costumeIndex,=,costumeIndex,lookLike:,changeYposBy:",104,,,,,,,,
98986125,5,"whenIReceive,doIf,not,touching:,hide",103,,,,,,,,
98757365,7,"whenGreenFlag,doForever,doIfElse,=,readVariable,show,hide",103,,,,,,,,
98405488,6,"whenKeyPressed,doForever,changeYposBy:,doIf,touching:,ypos:",103,,,,,,,,
98852984,6,"whenGreenFlag,hide,wait:elapsed:from:,show,wait:elapsed:from:,hide",102,,,,,,,,
99894024,7,"whenGreenFlag,doForever,doIf,not,=,readVariable,hide",100,,,,,,,,
99783410,7,"whenGreenFlag,doForever,doIf,not,=,readVariable,hide",100,,,,,,,,
99153409,16,"whenGreenFlag,show,heading:,doForever,forward:,turnRight:,randomFrom:to:,bounceOffEdge,doIf,color:sees:,broadcast:,hide,wait:elapsed:from:,gotoX:y:,randomFrom:to:,show",100,,,,,,,,
99029309,5,"whenGreenFlag,doForever,hide,gotoSpriteOrMouse:,createCloneOf",100,,,,,,,,
99029309,9,"whenCloned,pointTowards:,changeYposBy:,forward:,show,doUntil,touching:,forward:,deleteClone",100,,,,,,,,
99010258,6,"whenIReceive,doIf,=,readVariable,call,call",100,,,,,,,,
98977439,36,"whenGreenFlag,hide,doForever,doIfElse,|,=,sceneName,=,sceneName,wait:elapsed:from:,show,doUntil,not,|,=,sceneName,=,sceneName,wait:elapsed:from:,randomFrom:to:,setGraphicEffect:to:,heading:,gotoX:y:,setSizeTo:,randomFrom:to:,doRepeat,readVariable,forward:,turnLeft:,randomFrom:to:,turnRight:,randomFrom:to:,changeSizeBy:,randomFrom:to:,changeGraphicEffect:by:,hide",100,,,,,,,,
98951770,8,"whenGreenFlag,doForever,forward:,lookLike:,wait:elapsed:from:,lookLike:,wait:elapsed:from:,bounceOffEdge",100,,,,,,,,
98838042,6,"whenGreenFlag,doForever,gotoX:y:,randomFrom:to:,doRepeat,changeYposBy:",100,,,,,,,,
98675321,7,"whenCloned,doForever,gotoX:y:,randomFrom:to:,randomFrom:to:,bounceOffEdge,createCloneOf",100,,,,,,,,
98555659,7,"whenGreenFlag,doForever,doIf,not,=,readVariable,hide",100,,,,,,,,
98551483,7,"whenIReceive,doIf,touching:,lookLike:,setLine:ofList:to:,+,getLine:ofList:",100,,,,,,,,
98119617,5,"whenGreenFlag,doForever,doIf,touching:,changeVar:by:",100,,,,,,,,
97431645,10,"whenGreenFlag,setSizeTo:,heading:,hide,doForever,doIf,touching:,broadcast:,hide,changeVar:by:",100,,,,,,,,
97431645,10,"whenIReceive,setSizeTo:,heading:,show,doForever,doIf,touching:,broadcast:,hide,changeVar:by:",100,,,,,,,,
97421363,7,"whenGreenFlag,doForever,doIf,touching:,broadcast:,hide,changeVar:by:",100,,,,,,,,
95761381,5,"whenSceneStarts,wait:elapsed:from:,show,wait:elapsed:from:,hide",100,,,,,,,,
70965238,6,"whenIReceive,lookLike:,show,doForever,wait:elapsed:from:,nextCostume",100,,,,,,,,
70965238,10,"whenIReceive,gotoX:y:,pointTowards:,doForever,doIf,touching:,heading:,randomFrom:to:,forward:,bounceOffEdge",100,,,,,,,,
70965238,14,"whenIReceive,setVar:to:,wait:elapsed:from:,doForever,doIf,touching:,changeVar:by:,broadcast:,wait:elapsed:from:,doIf,&lt;,readVariable,hide,doBroadcastAndWait",100,,,,,,,,
70965238,14,"whenIReceive,setVar:to:,wait:elapsed:from:,doForever,doIf,touching:,changeVar:by:,wait:elapsed:from:,doIf,&gt;,readVariable,hide,doBroadcastAndWait,stopScripts",100,,,,,,,,
99606106,8,"whenGreenFlag,setVar:to:,show,doForever,doIf,=,readVariable,hide",99,,,,,,,,
98597113,7,"whenGreenFlag,doForever,doIf,touching:,hide,wait:elapsed:from:,show",99,,,,,,,,
98597113,7,"whenGreenFlag,show,heading:,randomFrom:to:,doForever,forward:,bounceOffEdge",99,,,,,,,,
98597113,8,"whenGreenFlag,doForever,doIf,touching:,hide,changeVar:by:,wait:elapsed:from:,show",99,,,,,,,,
97421373,15,"whenGreenFlag,setSizeTo:,heading:,show,doForever,doIf,touching:,broadcast:,doRepeat,changeGraphicEffect:by:,changeGraphicEffect:by:,changeSizeBy:,turnRight:,hide,changeVar:by:",99,,,,,,,,
99142025,6,"whenGreenFlag,heading:,turnRight:,doForever,forward:,bounceOffEdge",98,,,,,,,,
97421833,14,"whenGreenFlag,setSizeTo:,heading:,doForever,doIf,touching:,broadcast:,doRepeat,changeGraphicEffect:by:,changeGraphicEffect:by:,setSizeTo:,turnRight:,hide,changeVar:by:",97,,,,,,,,
97421573,8,"whenIReceive,show,doForever,doIf,touching:,broadcast:,hide,changeVar:by:",97,,,,,,,,
97421573,10,"whenGreenFlag,setSizeTo:,heading:,hide,doForever,doIf,touching:,broadcast:,hide,changeVar:by:",97,,,,,,,,
95785621,15,"whenGreenFlag,clearPenTrails,penColor:,putPenDown,doRepeat,randomFrom:to:,penSize:,changePenHueBy:,randomFrom:to:,forward:,randomFrom:to:,turnRight:,randomFrom:to:,say:duration:elapsed:from:,say:duration:elapsed:from:",97,,,,,,,,
99611711,14,"whenGreenFlag,doForever,doIf,touching:,doIf,=,readVariable,heading:,+,heading,doBroadcastAndWait,doWaitUntil,not,touching:",96,,,,,,,,
98309624,12,"whenGreenFlag,doForever,doIf,&amp;,=,costumeIndex,touchingColor:,doIf,=,readVariable,setVar:to:,lookLike:",96,,,,,,,,
90304949,5,"whenIReceive,wait:elapsed:from:,doForever,createCloneOf,wait:elapsed:from:",96,,,,,,,,
75530994,7,"whenGreenFlag,doForever,doIf,touching:,changeVar:by:,randomFrom:to:,wait:elapsed:from:",96,,,,,,,,
99192941,58,"whenGreenFlag,heading:,hide,setVar:to:,lookLike:,doForever,doUntil,keyPressed:,gotoSpriteOrMouse:,show,changeYposBy:,doWaitUntil,keyPressed:,doRepeat,nextCostume,wait:elapsed:from:,doRepeat,turnRight:,wait:elapsed:from:,turnLeft:,wait:elapsed:from:,nextCostume,doRepeat,lookLike:,wait:elapsed:from:,lookLike:,wait:elapsed:from:,doRepeat,changeXposBy:,hide,changeVar:by:,lookLike:,doUntil,keyPressed:,gotoSpriteOrMouse:,show,changeYposBy:,doWaitUntil,keyPressed:,doRepeat,nextCostume,wait:elapsed:from:,doRepeat,turnRight:,wait:elapsed:from:,turnLeft:,wait:elapsed:from:,nextCostume,doRepeat,lookLike:,wait:elapsed:from:,lookLike:,wait:elapsed:from:,doRepeat,changeXposBy:,hide,changeVar:by:,lookLike:",95,,,,,,,,
98867698,7,"whenGreenFlag,show,doForever,doIf,touching:,changeVar:by:,hide",95,,,,,,,,
98579444,7,"whenGreenFlag,show,doForever,doIf,touching:,hide,broadcast:",95,,,,,,,,
96186510,11,"whenGreenFlag,wait:elapsed:from:,doForever,doIf,list:contains:,changeVar:by:,rounded,\/,readVariable,wait:elapsed:from:,stopScripts",94,,,,,,,,
99567872,31,"whenIReceive,lookLike:,gotoX:y:,show,doForever,doIfElse,=,backgroundIndex,forward:,doIf,|,touching:,|,touching:,|,touching:,|,touching:,|,touching:,|,touching:,|,touching:,|,touching:,touchingColor:,setRotationStyle,turnLeft:,hide,stopScripts",93,,,,,,,,
99609856,16,"whenGreenFlag,setVar:to:,doForever,doIf,&amp;,mousePressed,touching:,doIf,=,readVariable,setVar:to:,doUntil,not,mousePressed,gotoSpriteOrMouse:,setVar:to:",92,,,,,,,,
98917286,5,"whenGreenFlag,doForever,doIf,touching:,hide",92,,,,,,,,
98917286,6,"whenGreenFlag,doForever,doIf,touching:,changeVar:by:,stopScripts",92,,,,,,,,
98409436,10,"whenGreenFlag,doIf,touching:,doIfElse,keyPressed:,hide,doForever,gotoX:y:,randomFrom:to:,randomFrom:to:",92,,,,,,,,
97242281,8,"whenIReceive,gotoX:y:,show,doForever,doIf,touching:,changeVar:by:,hide",92,,,,,,,,
99606106,8,"whenGreenFlag,setVar:to:,show,doForever,doIf,touching:,changeVar:by:,hide",91,,,,,,,,
98670257,6,"whenIReceive,doIfElse,=,readVariable,show,hide",91,,,,,,,,
98312612,9,"whenIReceive,show,changeVar:by:,doForever,doIf,touching:,broadcast:,hide,stopScripts",91,,,,,,,,
99547271,9,"whenGreenFlag,doForever,doIf,touching:,doIf,=,costumeIndex,changeVar:by:,wait:elapsed:from:",90,,,,,,,,
99442114,29,"whenIReceive,doForever,doIf,|,|,|,|,touching:,touching:,touching:,touching:,touching:,changeVar:by:,doWaitUntil,not,|,|,|,|,touching:,touching:,touching:,touching:,touching:,doIf,&lt;,readVariable,changeVar:by:,stopScripts",90,,,,,,,,
99160148,10,"whenGreenFlag,show,doForever,doIf,touching:,setVar:to:,changeVar:by:,wait:elapsed:from:,setVar:to:,hide",90,,,,,,,,
97431560,10,"whenGreenFlag,setSizeTo:,heading:,hide,doForever,doIf,touching:,broadcast:,hide,changeVar:by:",90,,,,,,,,
97431212,11,"whenGreenFlag,setSizeTo:,heading:,hide,doForever,doIf,touching:,broadcast:,hide,changeVar:by:,deleteClone",90,,,,,,,,
97421216,14,"whenGreenFlag,setSizeTo:,heading:,hide,doForever,doIf,touching:,broadcast:,doRepeat,setGraphicEffect:to:,changeGraphicEffect:by:,changeSizeBy:,hide,changeVar:by:",90,,,,,,,,
97421151,10,"whenGreenFlag,setSizeTo:,heading:,hide,doForever,doIf,touching:,broadcast:,hide,changeVar:by:",90,,,,,,,,
97421151,10,"whenIReceive,setSizeTo:,heading:,show,doForever,doIf,touching:,broadcast:,hide,changeVar:by:",90,,,,,,,,
93577112,5,"whenIReceive,doWaitUntil,=,readVariable,hide",90,,,,,,,,
99085062,9,"whenGreenFlag,show,doUntil,touching:,forward:,bounceOffEdge,changeVar:by:,hide,stopScripts",89,,,,,,,,
99022245,8,"whenGreenFlag,show,gotoX:y:,doWaitUntil,touching:,hide,changeVar:by:,changeVar:by:",89,,,,,,,,
98553591,7,"whenIReceive,doForever,doIf,=,readVariable,say:duration:elapsed:from:,stopScripts",89,,,,,,,,
99699514,8,"whenGreenFlag,show,gotoX:y:,doWaitUntil,touching:,hide,changeVar:by:,changeVar:by:",88,,,,,,,,
99600529,8,"whenGreenFlag,show,gotoX:y:,doWaitUntil,touching:,hide,changeVar:by:,changeVar:by:",88,,,,,,,,
99339767,8,"whenGreenFlag,show,gotoX:y:,doWaitUntil,touching:,hide,changeVar:by:,changeVar:by:",88,,,,,,,,
99336626,8,"whenGreenFlag,show,gotoX:y:,doWaitUntil,touching:,hide,changeVar:by:,changeVar:by:",88,,,,,,,,
99270162,8,"whenGreenFlag,show,gotoX:y:,doWaitUntil,touching:,hide,changeVar:by:,changeVar:by:",88,,,,,,,,
98992056,8,"whenGreenFlag,show,gotoX:y:,doWaitUntil,touching:,hide,changeVar:by:,changeVar:by:",88,,,,,,,,
98953948,8,"whenGreenFlag,show,gotoX:y:,doWaitUntil,touching:,hide,changeVar:by:,changeVar:by:",88,,,,,,,,
98892811,6,"whenGreenFlag,doForever,doIf,=,readVariable,setVolumeTo:",88,,,,,,,,
98730493,6,"whenGreenFlag,doForever,doIf,=,readVariable,setVolumeTo:",88,,,,,,,,
98649980,27,"whenIReceive,hide,setVar:to:,-,readVariable,setVar:to:,-,readVariable,doIfElse,&amp;,&amp;,not,&lt;,readVariable,&lt;,readVariable,&amp;,not,&lt;,readVariable,&lt;,readVariable,gotoX:y:,readVariable,readVariable,show,hide",88,,,,,,,,
55434524,8,"whenGreenFlag,show,gotoX:y:,doWaitUntil,touching:,hide,changeVar:by:,changeVar:by:",88,,,,,,,,
99909943,7,"whenSceneStarts,show,gotoX:y:,wait:elapsed:from:,doForever,changeYposBy:,wait:elapsed:from:",87,,,,,,,,
99323103,28,"doAsk,doIf,=,answer,doIfElse,|,=,readVariable,&gt;,readVariable,lookLike:,changeVar:by:,setVar:to:,say:duration:elapsed:from:,doIf,=,answer,doAsk,doIfElse,=,answer,lookLike:,playSound:,changeVar:by:,setVar:to:,doIf,=,answer",87,,,,,,,,
97907493,8,"whenGreenFlag,show,gotoX:y:,doWaitUntil,touching:,hide,changeVar:by:,changeVar:by:",87,,,,,,,,
96186510,11,"whenGreenFlag,wait:elapsed:from:,doForever,doIf,&gt;,readVariable,setVar:to:,*,readVariable,wait:elapsed:from:,stopScripts",87,,,,,,,,
98374542,13,"whenGreenFlag,doForever,doIf,keyPressed:,lookLike:,changeYposBy:,lookLike:,wait:elapsed:from:,changeYposBy:,lookLike:,wait:elapsed:from:,lookLike:,changeYposBy:",86,,,,,,,,
98669460,12,"whenGreenFlag,setSizeTo:,show,heading:,randomFrom:to:,doForever,forward:,bounceOffEdge,doIf,touching:,lookLike:,hide",85,,,,,,,,
97390696,8,"whenGreenFlag,hide,wait:elapsed:from:,show,doIf,touching:,playSound:,hide",85,,,,,,,,
99577263,18,"whenGreenFlag,doForever,bounceOffEdge,doIf,touchingColor:,heading:,-,randomFrom:to:,&amp;,=,getAttribute:of:,getAttribute:of:,=,getAttribute:of:,getAttribute:of:,doForever,forward:,changeYposBy:",84,,,,,,,,
99310693,9,"whenGreenFlag,doForever,doIf,touching:,lookLike:,doIf,not,touching:,lookLike:",84,,,,,,,,
99093190,8,"whenGreenFlag,show,setVar:to:,doForever,doIf,touching:,hide,changeVar:by:",84,,,,,,,,
98773820,14,"whenClicked,doRepeat,doIfElse,&amp;,=,costumeIndex,touching:,playSound:,changeVar:by:,doWaitUntil,&amp;,=,costumeIndex,touching:",84,,,,,,,,
99826769,5,"whenIReceive,doIf,not,touching:,hide",83,,,,,,,,
99826769,6,"whenIReceive,doIfElse,touching:,wait:elapsed:from:,gotoX:y:,hide",83,,,,,,,,
99624792,12,"whenIReceive,doIf,&amp;,=,readVariable,=,readVariable,setVar:to:,costumeIndex,wait:elapsed:from:,setVar:to:,hide",83,,,,,,,,
99550837,5,"whenIReceive,doIf,not,touching:,hide",83,,,,,,,,
99550837,6,"whenIReceive,doIfElse,touching:,wait:elapsed:from:,gotoX:y:,hide",83,,,,,,,,
99528987,5,"whenIReceive,doIf,not,touching:,hide",83,,,,,,,,
99528987,6,"whenIReceive,doIfElse,touching:,wait:elapsed:from:,gotoX:y:,hide",83,,,,,,,,
99242197,12,"whenIReceive,doIf,&amp;,=,readVariable,=,readVariable,setVar:to:,costumeIndex,wait:elapsed:from:,setVar:to:,hide",83,,,,,,,,
98626416,5,"whenKeyPressed,doIf,not,touching:,hide",83,,,,,,,,
98616904,5,"whenIReceive,doIf,not,touching:,hide",83,,,,,,,,
98616904,6,"whenIReceive,doIfElse,touching:,wait:elapsed:from:,gotoX:y:,hide",83,,,,,,,,
99497875,5,"lookLike:,wait:elapsed:from:,doRepeat,nextCostume,wait:elapsed:from:",82,,,,,,,,
99080585,7,"whenGreenFlag,show,doForever,doIf,touching:,hide,changeVar:by:",82,,,,,,,,
98837571,6,"whenGreenFlag,doForever,gotoX:y:,randomFrom:to:,doRepeat,changeYposBy:",82,,,,,,,,
94784636,7,"whenGreenFlag,show,doForever,doIf,touching:,hide,changeVar:by:",82,,,,,,,,
99226860,6,"whenGreenFlag,doForever,doIf,=,readVariable,show",81,,,,,,,,
98987912,5,"whenGreenFlag,setSizeTo:,gotoX:y:,+,*",81,,,,,,,,
98811085,28,"whenIReceive,doUntil,&gt;,readVariable,doIf,&gt;,readVariable,stopScripts,doIfElse,&amp;,&amp;,&gt;,mouseX,&lt;,mouseX,&amp;,&gt;,mouseY,&lt;,mouseY,show,doIf,mousePressed,setVar:to:,setVar:to:,broadcast:,hide,stopScripts",81,,,,,,,,
98811085,28,"whenIReceive,doUntil,&gt;,readVariable,doIf,=,readVariable,stopScripts,doIfElse,&amp;,&amp;,&gt;,mouseX,&lt;,mouseX,&amp;,&gt;,mouseY,&lt;,mouseY,show,doIf,mousePressed,setVar:to:,setVar:to:,broadcast:,hide,stopScripts",81,,,,,,,,
98618336,5,"whenGreenFlag,setSizeTo:,gotoX:y:,+,*",81,,,,,,,,
98231763,12,"whenIReceive,doUntil,=,readVariable,doIf,&amp;,mousePressed,touching:,playSound:,wait:elapsed:from:,setVar:to:,broadcast:",81,,,,,,,,
99964641,11,"whenClicked,doIf,&amp;,=,readVariable,=,readVariable,setVar:to:,costumeIndex,wait:elapsed:from:,setVar:to:",80,,,,,,,,
99926444,6,"whenClicked,doIf,list:contains:,hideList:,changeVar:by:,stopAllSounds",80,,,,,,,,
99780558,5,"whenIReceive,doIf,&gt;,readVariable,show",80,,,,,,,,
99780558,6,"whenIReceive,wait:elapsed:from:,doIf,&gt;,readVariable,show",80,,,,,,,,
99597286,12,"whenClicked,doIf,&amp;,=,readVariable,=,readVariable,setVar:to:,readVariable,wait:elapsed:from:,setVar:to:,hide",80,,,,,,,,
99577756,7,"whenIReceive,hide,doUntil,not,=,readVariable,hide",80,,,,,,,,
99576112,5,"whenGreenFlag,doForever,forward:,bounceOffEdge,setGraphicEffect:to:",80,,,,,,,,
99571261,12,"whenClicked,doIf,&amp;,=,readVariable,=,readVariable,setVar:to:,readVariable,wait:elapsed:from:,setVar:to:,hide",80,,,,,,,,
99547271,14,"whenIReceive,doForever,doIf,keyPressed:,doIf,|,=,costumeIndex,=,costumeIndex,lookLike:,wait:elapsed:from:,lookLike:,wait:elapsed:from:",80,,,,,,,,
99382773,12,"whenClicked,doIf,&amp;,=,readVariable,=,readVariable,setVar:to:,readVariable,wait:elapsed:from:,setVar:to:,hide",80,,,,,,,,
99014061,26,"whenKeyPressed,doIf,=,readVariable,wait:elapsed:from:,show,gotoX:y:,randomFrom:to:,doUntil,|,touching:,|,touching:,touching:,changeXposBy:,doIf,=,readVariable,changeXposBy:,changeVar:by:,changeVar:by:,changeVar:by:,+,readVariable,doForever,hide",80,,,,,,,,
98720732,12,"whenClicked,doIf,&amp;,=,readVariable,=,readVariable,setVar:to:,readVariable,wait:elapsed:from:,setVar:to:,hide",80,,,,,,,,
98379866,12,"whenClicked,doIf,&amp;,=,readVariable,=,readVariable,setVar:to:,readVariable,wait:elapsed:from:,setVar:to:,hide",80,,,,,,,,
97431560,10,"whenIReceive,setSizeTo:,heading:,show,doForever,doIf,touching:,broadcast:,hide,changeVar:by:",80,,,,,,,,
96978410,12,"whenClicked,doIf,&amp;,=,readVariable,=,readVariable,setVar:to:,readVariable,wait:elapsed:from:,setVar:to:,hide",80,,,,,,,,
93972452,12,"whenClicked,doIf,&amp;,=,readVariable,=,readVariable,setVar:to:,readVariable,wait:elapsed:from:,setVar:to:,hide",80,,,,,,,,
92182635,12,"whenClicked,doIf,&amp;,=,readVariable,=,readVariable,setVar:to:,readVariable,wait:elapsed:from:,setVar:to:,hide",80,,,,,,,,
90874881,12,"whenClicked,doIf,&amp;,=,readVariable,=,readVariable,setVar:to:,readVariable,wait:elapsed:from:,setVar:to:,hide",80,,,,,,,,
89350622,12,"whenClicked,doIf,&amp;,=,readVariable,=,readVariable,setVar:to:,readVariable,wait:elapsed:from:,setVar:to:,hide",80,,,,,,,,
89280358,12,"whenClicked,doIf,&amp;,=,readVariable,=,readVariable,setVar:to:,readVariable,wait:elapsed:from:,setVar:to:,hide",80,,,,,,,,
87891982,12,"whenClicked,doIf,&amp;,=,readVariable,=,readVariable,setVar:to:,readVariable,wait:elapsed:from:,setVar:to:,hide",80,,,,,,,,
87659627,12,"whenClicked,doIf,&amp;,=,readVariable,=,readVariable,setVar:to:,readVariable,wait:elapsed:from:,setVar:to:,hide",80,,,,,,,,
99340928,5,"whenSceneStarts,setVar:to:,changeVar:by:,wait:elapsed:from:,show",79,,,,,,,,
99294243,6,"whenIReceive,doForever,doIfElse,touching:,show,hide",78,,,,,,,,
99226860,8,"whenGreenFlag,doForever,doIf,touching:,changeVar:by:,timerReset,hide,broadcast:",78,,,,,,,,
99125011,10,"penSize:,penColor:,changePenHueBy:,randomFrom:to:,putPenDown,gotoX:y:,randomFrom:to:,randomFrom:to:,glideSecs:toX:y:elapsed:from:,changeVar:by:",78,,,,,,,,
98570213,5,"whenGreenFlag,doForever,forward:,setRotationStyle,pointTowards:",78,,,,,,,,
98788581,7,"whenGreenFlag,show,doForever,doIf,touching:,hide,changeVar:by:",77,,,,,,,,
97431212,11,"whenIReceive,setSizeTo:,heading:,show,doForever,doIf,touching:,broadcast:,hide,changeVar:by:,deleteClone",77,,,,,,,,
99894024,12,"whenGreenFlag,gotoX:y:,hide,doForever,doIfElse,&amp;,=,readVariable,=,readVariable,show,hide",76,,,,,,,,
99783410,12,"whenGreenFlag,gotoX:y:,hide,doForever,doIfElse,&amp;,=,readVariable,=,readVariable,show,hide",76,,,,,,,,
99516787,6,"whenGreenFlag,doForever,doIf,=,answer,say:duration:elapsed:from:",76,,,,,,,,
99186523,5,"whenGreenFlag,doForever,glideSecs:toX:y:elapsed:from:,randomFrom:to:,randomFrom:to:",76,,,,,,,,
99186523,9,"whenGreenFlag,hide,wait:elapsed:from:,show,doForever,doPlaySoundAndWait,wait:elapsed:from:,doPlaySoundAndWait,wait:elapsed:from:",76,,,,,,,,
98555659,12,"whenGreenFlag,gotoX:y:,hide,doForever,doIfElse,&amp;,=,readVariable,=,readVariable,show,hide",76,,,,,,,,
97525945,8,"whenKeyPressed,show,doUntil,keyPressed:,doForever,doIf,touching:,hide",76,,,,,,,,
97525945,9,"whenKeyPressed,show,doUntil,keyPressed:,heading:,randomFrom:to:,doForever,forward:,bounceOffEdge",76,,,,,,,,
99541722,9,"whenGreenFlag,doForever,hide,setGraphicEffect:to:,gotoX:y:,wait:elapsed:from:,show,glideSecs:toX:y:elapsed:from:,hide",75,,,,,,,,
99527516,18,"whenGreenFlag,doForever,bounceOffEdge,doIf,touchingColor:,heading:,-,randomFrom:to:,&amp;,=,getAttribute:of:,getAttribute:of:,=,getAttribute:of:,getAttribute:of:,doForever,forward:,changeYposBy:",75,,,,,,,,
99329573,16,"whenClicked,doIf,&amp;,&amp;,touching:,mousePressed,&gt;,readVariable,doUntil,not,mousePressed,gotoSpriteOrMouse:,doIf,not,mousePressed,changeVar:by:",75,,,,,,,,
99186523,5,"whenCloned,doForever,doRepeat,changeGraphicEffect:by:,deleteClone",75,,,,,,,,
98872780,6,"whenGreenFlag,show,doForever,doIf,touching:,hide",75,,,,,,,,
98861708,7,"whenIReceive,show,doForever,doIf,touching:,append:toList:,hide",75,,,,,,,,
97002181,8,"whenGreenFlag,show,doForever,doIf,touching:,broadcast:,changeVar:by:,hide",75,,,,,,,,
98662691,15,"whenCloned,gotoX:y:,randomFrom:to:,randomFrom:to:,lookLike:,randomFrom:to:,show,doForever,doIf,keyPressed:,doUntil,touching:,heading:,forward:,deleteClone",74,,,,,,,,
99388594,9,"whenGreenFlag,doForever,doIf,touching:,lookLike:,doIf,not,touching:,lookLike:",73,,,,,,,,
99297111,7,"whenKeyPressed,doRepeat,doForever,forward:,changeGraphicEffect:by:,bounceOffEdge,turnRight:",73,,,,,,,,
98600464,5,"whenGreenFlag,doForever,doIf,touching:,hide",73,,,,,,,,
99818787,6,"whenKeyPressed,heading:,randomFrom:to:,doForever,bounceOffEdge,forward:",72,,,,,,,,
99356231,5,"whenIReceive,doIf,not,touching:,hide",72,,,,,,,,
98560296,11,"whenGreenFlag,startScene,putPenDown,setPenShadeTo:,doForever,forward:,bounceOffEdge,doIf,touchingColor:,heading:,randomFrom:to:",72,,,,,,,,
98896608,5,"whenClicked,hide,playSound:,wait:elapsed:from:,show",71,,,,,,,,
98787386,9,"whenIReceive,show,changeVar:by:,doForever,doIf,touching:,broadcast:,hide,stopScripts",71,,,,,,,,
97936018,12,"whenClicked,lookLike:,doAsk,doIfElse,=,answer,lookLike:,playSound:,changeVar:by:,lookLike:,playSound:,changeVar:by:",71,,,,,,,,
97329728,9,"whenIReceive,show,gotoX:y:,doWaitUntil,touching:,playSound:,hide,changeVar:by:,changeVar:by:",71,,,,,,,,
99941858,5,"lookLike:,wait:elapsed:from:,doRepeat,nextCostume,wait:elapsed:from:",70,,,,,,,,
99789530,5,"lookLike:,wait:elapsed:from:,doRepeat,nextCostume,wait:elapsed:from:",70,,,,,,,,
99501478,10,"show,doIf,touchingColor:,gotoX:y:,randomFrom:to:,randomFrom:to:,show,glideSecs:toX:y:elapsed:from:,randomFrom:to:,randomFrom:to:",70,,,,,,,,
99501478,7,"whenGreenFlag,hide,gotoX:y:,randomFrom:to:,randomFrom:to:,wait:elapsed:from:,call",70,,,,,,,,
99501478,9,"whenGreenFlag,show,doForever,doIf,touchingColor:,wait:elapsed:from:,startScene,hide,stopScripts",70,,,,,,,,
99501478,10,"whenGreenFlag,wait:elapsed:from:,doForever,doIf,touching:,changeVar:by:,gotoX:y:,hide,stopScripts,stopScripts",70,,,,,,,,
98431871,5,"whenSceneStarts,doWaitUntil,touching:,startScene,gotoX:y:",70,,,,,,,,
99536547,9,"whenGreenFlag,doForever,hide,setGraphicEffect:to:,gotoX:y:,wait:elapsed:from:,show,glideSecs:toX:y:elapsed:from:,hide",69,,,,,,,,
98979820,17,"whenIReceive,setGraphicEffect:to:,show,doRepeat,changeGraphicEffect:by:,doUntil,=,readVariable,doIf,touching:,setVar:to:,doIf,touching:,setVar:to:,doRepeat,changeGraphicEffect:by:,hide",69,,,,,,,,
98757365,7,"whenClicked,doIf,&gt;,readVariable,playSound:,changeVar:by:,setVar:to:",69,,,,,,,,
98655252,14,"whenIReceive,show,lookLike:,doForever,doIf,touching:,broadcast:,doRepeat,nextCostume,wait:elapsed:from:,setVar:to:,+,readVariable,hide",69,,,,,,,,
96265762,7,"whenIReceive,doForever,doIf,touching:,lookLike:,wait:elapsed:from:,hide",69,,,,,,,,
95807657,8,"whenGreenFlag,show,doForever,doIf,touching:,broadcast:,changeVar:by:,hide",69,,,,,,,,
91921247,7,"whenIReceive,wait:elapsed:from:,show,doWaitUntil,touching:,changeVar:by:,hide",69,,,,,,,,
99534897,14,"whenGreenFlag,show,lookLike:,gotoX:y:,doForever,doIf,touching:,lookLike:,wait:elapsed:from:,hide,doPlaySoundAndWait,doWaitUntil,not,touchingColor:",68,,,,,,,,
99065062,5,"whenIReceive,show,gotoX:y:,randomFrom:to:,randomFrom:to:",68,,,,,,,,
98708326,6,"whenGreenFlag,doForever,doIfElse,touching:,hide,changeVar:by:",68,,,,,,,,
90727031,7,"whenGreenFlag,doForever,doIfElse,=,sceneName,show,hide",68,,,,,,,,
90304949,26,"whenIReceive,setVar:to:,hide,gotoX:y:,randomFrom:to:,heading:,wait:elapsed:from:,show,doForever,doRepeat,randomFrom:to:,turnRight:,doUntil,|,&gt;,readVariable,randomFrom:to:,|,touchingColor:,|,touching:,touching:,forward:,changeVar:by:,forward:,setVar:to:",68,,,,,,,,
99896805,9,"whenIReceive,show,gotoX:y:,randomFrom:to:,randomFrom:to:,doWaitUntil,touching:,hide,changeVar:by:",67,,,,,,,,
99585613,7,"whenIReceive,show,doForever,doIfElse,touching:,lookLike:,lookLike:",67,,,,,,,,
99429946,7,"whenIReceive,wait:elapsed:from:,show,gotoX:y:,doForever,glideSecs:toX:y:elapsed:from:,glideSecs:toX:y:elapsed:from:",67,,,,,,,,
99393020,7,"whenIReceive,wait:elapsed:from:,show,gotoX:y:,doForever,glideSecs:toX:y:elapsed:from:,glideSecs:toX:y:elapsed:from:",67,,,,,,,,
99392546,7,"whenIReceive,wait:elapsed:from:,show,gotoX:y:,doForever,glideSecs:toX:y:elapsed:from:,glideSecs:toX:y:elapsed:from:",67,,,,,,,,
99387508,7,"whenIReceive,wait:elapsed:from:,show,gotoX:y:,doForever,glideSecs:toX:y:elapsed:from:,glideSecs:toX:y:elapsed:from:",67,,,,,,,,
99309402,5,"whenIReceive,show,gotoX:y:,randomFrom:to:,randomFrom:to:",67,,,,,,,,
99161819,7,"whenIReceive,wait:elapsed:from:,show,gotoX:y:,doForever,glideSecs:toX:y:elapsed:from:,glideSecs:toX:y:elapsed:from:",67,,,,,,,,
99571600,5,"whenGreenFlag,doForever,doIf,touching:,broadcast:",66,,,,,,,,
99576077,5,"whenGreenFlag,doForever,doIf,mousePressed,putPenDown",65,,,,,,,,
99576077,6,"whenGreenFlag,doForever,doIf,not,mousePressed,putPenUp",65,,,,,,,,
99571600,7,"whenGreenFlag,doForever,doIf,touching:,changeVar:by:,playSound:,wait:elapsed:from:",65,,,,,,,,
99541337,6,"whenCloned,doForever,doIf,touching:,changeVar:by:,wait:elapsed:from:",65,,,,,,,,
98843276,10,"setLine:ofList:to:,readVariable,setLine:ofList:to:,+,readVariable,doWaitUntil,not,=,getLine:ofList:,readVariable",65,,,,,,,,
98843276,20,"setVar:to:,rounded,getParam,setVar:to:,+,computeFunction:of:,getParam,computeFunction:of:,getLine:ofList:,+,readVariable,doWaitUntil,|,=,readVariable,getLine:ofList:,+,readVariable,&lt;,readVariable",65,,,,,,,,
98843276,22,"setLine:ofList:to:,readVariable,doIfElse,&lt;,getParam,setLine:ofList:to:,+,readVariable,doIfElse,&lt;,getParam,setLine:ofList:to:,+,readVariable,setLine:ofList:to:,+,readVariable,doWaitUntil,not,=,getLine:ofList:,readVariable",65,,,,,,,,
98843276,22,"setVar:to:,%,rounded,getParam,setVar:to:,%,rounded,getParam,doWaitUntil,&amp;,=,readVariable,%,getLine:ofList:,+,readVariable,=,readVariable,%,getLine:ofList:,+,readVariable",65,,,,,,,,
98843276,26,"changeVar:by:,rounded,getParam,setVar:to:,%,readVariable,changeVar:by:,rounded,getParam,setVar:to:,%,readVariable,doWaitUntil,&amp;,=,readVariable,%,getLine:ofList:,+,readVariable,=,readVariable,%,getLine:ofList:,+,readVariable",65,,,,,,,,
98843276,41,"doIf,not,=,getLine:ofList:,+,readVariable,gotoSpriteOrMouse:,getParam,doIfElse,=,readVariable,doIf,not,=,heading,getAttribute:of:,getParam,heading:,getAttribute:of:,getParam,changeVar:by:,doIfElse,=,readVariable,doIf,not,=,heading,+,getAttribute:of:,getParam,getLine:ofList:,+,readVariable,heading:,+,getAttribute:of:,getParam,getLine:ofList:,+,readVariable",65,,,,,,,,
98843276,12,"whenIReceive,stopScripts,setVar:to:,setVar:to:,setVar:to:,setVar:to:,setVar:to:,setVar:to:,setSizeTo:,readVariable,lookLike:,hide",65,,,,,,,,
98843276,17,"whenCloned,doIfElse,=,readVariable,lookLike:,comeToFront,show,gotoSpriteOrMouse:,concatenate:with:,readVariable,heading:,+,getAttribute:of:,concatenate:with:,readVariable,readVariable,show",65,,,,,,,,
98843276,18,"whenIReceive,doIf,=,getLine:ofList:,readVariable,readVariable,setVar:to:,heading:,gotoX:y:,readVariable,readVariable,changeSizeBy:,lookLike:,createCloneOf,lookLike:,createCloneOf,changeSizeBy:,lookLike:",65,,,,,,,,
98843276,50,"whenIReceive,doIfElse,=,readVariable,getLine:ofList:,setVar:to:,setVar:to:,gotoX:y:,heading:,readVariable,doIfElse,=,readVariable,getLine:ofList:,setVar:to:,setVar:to:,gotoX:y:,heading:,readVariable,doIfElse,=,readVariable,getLine:ofList:,setVar:to:,setVar:to:,gotoX:y:,heading:,readVariable,doIfElse,=,readVariable,getLine:ofList:,setVar:to:,setVar:to:,gotoX:y:,heading:,readVariable,setVar:to:,doIf,&gt;,readVariable,setVar:to:,createCloneOf,setVar:to:,setVar:to:,getLine:ofList:,+,readVariable,comeToFront,show",65,,,,,,,,
98620603,20,"whenIReceive,doIf,&gt;,readVariable,setGraphicEffect:to:,show,doRepeat,changeGraphicEffect:by:,doUntil,=,readVariable,doIf,touching:,setVar:to:,doIf,touching:,setVar:to:,doRepeat,changeGraphicEffect:by:,hide",65,,,,,,,,
96821959,7,"whenIReceive,wait:elapsed:from:,show,gotoX:y:,doForever,glideSecs:toX:y:elapsed:from:,glideSecs:toX:y:elapsed:from:",65,,,,,,,,
90761429,12,"whenIReceive,show,lookLike:,doForever,doIf,touching:,broadcast:,doRepeat,nextCostume,lookLike:,wait:elapsed:from:,hide",65,,,,,,,,
29809934,6,"whenGreenFlag,doForever,doIfElse,touching:,setGraphicEffect:to:,setGraphicEffect:to:",65,,,,,,,,
99724625,20,"whenIReceive,doIf,&gt;,readVariable,setGraphicEffect:to:,show,doRepeat,changeGraphicEffect:by:,doUntil,=,readVariable,doIf,touching:,setVar:to:,doIf,touching:,setVar:to:,doRepeat,changeGraphicEffect:by:,hide",64,,,,,,,,
99719005,20,"whenIReceive,doIf,&gt;,readVariable,setGraphicEffect:to:,show,doRepeat,changeGraphicEffect:by:,doUntil,=,readVariable,doIf,touching:,setVar:to:,doIf,touching:,setVar:to:,doRepeat,changeGraphicEffect:by:,hide",64,,,,,,,,
99693290,6,"whenGreenFlag,doForever,changeSizeBy:,wait:elapsed:from:,changeSizeBy:,wait:elapsed:from:",64,,,,,,,,
99693290,7,"whenGreenFlag,doForever,turnRight:,wait:elapsed:from:,turnRight:,wait:elapsed:from:,turnRight:",64,,,,,,,,
99693290,8,"whenGreenFlag,changeSizeBy:,doForever,lookLike:,wait:elapsed:from:,lookLike:,wait:elapsed:from:,lookLike:",64,,,,,,,,
99576077,5,"whenGreenFlag,doForever,glideSecs:toX:y:elapsed:from:,mouseX,mouseY",64,,,,,,,,
99566282,9,"whenIReceive,wait:elapsed:from:,doForever,doIf,keyPressed:,setSizeTo:,setGraphicEffect:to:,gotoX:y:,lookLike:",64,,,,,,,,
99528337,9,"whenGreenFlag,show,setVar:to:,doForever,doIf,touching:,changeVar:by:,playSound:,hide",64,,,,,,,,
99528337,9,"whenIReceive,show,setVar:to:,doForever,doIf,touching:,changeVar:by:,playSound:,hide",64,,,,,,,,
99486808,20,"whenIReceive,doIf,&gt;,readVariable,setGraphicEffect:to:,show,doRepeat,changeGraphicEffect:by:,doUntil,=,readVariable,doIf,touching:,setVar:to:,doIf,touching:,setVar:to:,doRepeat,changeGraphicEffect:by:,hide",64,,,,,,,,
99480301,20,"whenIReceive,doIf,&gt;,readVariable,setGraphicEffect:to:,show,doRepeat,changeGraphicEffect:by:,doUntil,=,readVariable,doIf,touching:,setVar:to:,doIf,touching:,setVar:to:,doRepeat,changeGraphicEffect:by:,hide",64,,,,,,,,
99449188,24,"whenIReceive,showVariable:,doForever,doIf,&amp;,touching:,=,readVariable,changeVar:by:,wait:elapsed:from:,doIf,&amp;,touching:,=,readVariable,changeVar:by:,wait:elapsed:from:,doIf,&amp;,touching:,=,readVariable,changeVar:by:,wait:elapsed:from:",64,,,,,,,,
99010258,18,"doIf,&lt;,computeFunction:of:,readVariable,doIf,&amp;,&lt;,readVariable,&gt;,readVariable,setVar:to:,doIf,&amp;,&gt;,readVariable,&lt;,readVariable,setVar:to:",64,,,,,,,,
98932500,20,"whenIReceive,doIf,&gt;,readVariable,setGraphicEffect:to:,show,doRepeat,changeGraphicEffect:by:,doUntil,=,readVariable,doIf,touching:,setVar:to:,doIf,touching:,setVar:to:,doRepeat,changeGraphicEffect:by:,hide",64,,,,,,,,
98850601,5,"whenGreenFlag,gotoX:y:,doForever,wait:elapsed:from:,nextCostume",64,,,,,,,,
98502436,20,"whenIReceive,doIf,&gt;,readVariable,setGraphicEffect:to:,show,doRepeat,changeGraphicEffect:by:,doUntil,=,readVariable,doIf,touching:,setVar:to:,doIf,touching:,setVar:to:,doRepeat,changeGraphicEffect:by:,hide",64,,,,,,,,
97329728,16,"whenIReceive,show,gotoX:y:,doForever,doIf,touching:,playSound:,changeVar:by:,changeVar:by:,hide,doIf,touching:,playSound:,changeVar:by:,changeVar:by:,hide",64,,,,,,,,
99534701,9,"whenGreenFlag,doForever,hide,setGraphicEffect:to:,gotoX:y:,wait:elapsed:from:,show,glideSecs:toX:y:elapsed:from:,hide",63,,,,,,,,
98843276,19,"whenIReceive,doIf,&gt;,readVariable,doIfElse,&lt;,getLine:ofList:,readVariable,stopScripts,setVar:to:,hide,doIf,not,=,readVariable,deleteClone,call,concatenate:with:,readVariable",63,,,,,,,,
98140630,6,"whenGreenFlag,lookLike:,show,doForever,setSizeTo:,gotoX:y:",63,,,,,,,,
99485736,6,"whenGreenFlag,doForever,doRepeat,turnRight:,doRepeat,turnLeft:",62,,,,,,,,
99429946,9,"whenIReceive,show,setVar:to:,doForever,doIf,touching:,playSound:,hide,changeVar:by:",62,,,,,,,,
99393020,9,"whenIReceive,show,setVar:to:,doForever,doIf,touching:,playSound:,hide,changeVar:by:",62,,,,,,,,
99392546,9,"whenIReceive,show,setVar:to:,doForever,doIf,touching:,playSound:,hide,changeVar:by:",62,,,,,,,,
99387508,9,"whenIReceive,show,setVar:to:,doForever,doIf,touching:,playSound:,hide,changeVar:by:",62,,,,,,,,
99175712,9,"whenGreenFlag,show,doForever,gotoX:y:,doIf,touching:,hide,broadcast:,changeVar:by:",62,,,,,,,,
99161819,9,"whenIReceive,show,setVar:to:,doForever,doIf,touching:,playSound:,hide,changeVar:by:",62,,,,,,,,
98690438,17,"whenIReceive,setGraphicEffect:to:,show,doRepeat,changeGraphicEffect:by:,doUntil,=,readVariable,doIf,touching:,setVar:to:,doIf,touching:,setVar:to:,doRepeat,changeGraphicEffect:by:,hide",62,,,,,,,,
98288883,6,"whenGreenFlag,show,doForever,doIf,touching:,hide",62,,,,,,,,
98140630,14,"whenClicked,doIf,=,costumeIndex,doIf,|,touching:,|,touching:,|,touching:,touching:,lookLike:,broadcast:",62,,,,,,,,
98140630,15,"whenClicked,doIf,=,costumeIndex,doIf,not,|,touching:,|,touching:,|,touching:,touching:,lookLike:,changeVar:by:",62,,,,,,,,
96821959,9,"whenIReceive,show,setVar:to:,doForever,doIf,touching:,playSound:,hide,changeVar:by:",62,,,,,,,,
94048230,17,"whenGreenFlag,gotoX:y:,randomFrom:to:,heading:,doForever,forward:,randomFrom:to:,doIf,touching:,changeVar:by:,gotoX:y:,randomFrom:to:,doIf,&lt;,ypos,gotoX:y:,randomFrom:to:",62,,,,,,,,
87634445,14,"whenIReceive,gotoX:y:,show,lookLike:,doForever,doIf,touching:,changeVar:by:,broadcast:,doRepeat,nextCostume,lookLike:,wait:elapsed:from:,hide",62,,,,,,,,
99894024,28,"whenGreenFlag,doForever,doIfElse,&amp;,=,readVariable,=,readVariable,doIf,=,readVariable,show,comeToFront,gotoX:y:,glideSecs:toX:y:elapsed:from:,doWaitUntil,|,not,=,readVariable,not,&amp;,=,readVariable,=,readVariable,hide,gotoX:y:",61,,,,,,,,
99783410,28,"whenGreenFlag,doForever,doIfElse,&amp;,=,readVariable,=,readVariable,doIf,=,readVariable,show,comeToFront,gotoX:y:,glideSecs:toX:y:elapsed:from:,doWaitUntil,|,not,=,readVariable,not,&amp;,=,readVariable,=,readVariable,hide,gotoX:y:",61,,,,,,,,
99512017,6,"whenKeyPressed,show,doWaitUntil,touching:,hide,changeVar:by:",61,,,,,,,,
98555659,28,"whenGreenFlag,doForever,doIfElse,&amp;,=,readVariable,=,readVariable,doIf,=,readVariable,show,comeToFront,gotoX:y:,glideSecs:toX:y:elapsed:from:,doWaitUntil,|,not,=,readVariable,not,&amp;,=,readVariable,=,readVariable,hide,gotoX:y:",61,,,,,,,,
99963114,10,"whenGreenFlag,show,doForever,gotoX:y:,-,readVariable,*,-,readVariable,*",60,,,,,,,,
99926351,23,"whenClicked,doIf,=,costumeIndex,setVar:to:,broadcast:,doIf,=,costumeIndex,doAsk,doIfElse,=,answer,doIfElse,&gt;,readVariable,changeVar:by:,setGraphicEffect:to:,lookLike:,doRepeat,changeGraphicEffect:by:,filterReset,think:duration:elapsed:from:",60,,,,,,,,
99674076,6,"whenGreenFlag,doForever,doIf,=,readVariable,hide",60,,,,,,,,
99648144,5,"whenIReceive,doRepeat,changeGraphicEffect:by:,hide,stopScripts",60,,,,,,,,
99575861,7,"whenGreenFlag,show,doForever,doIf,touching:,hide,changeVar:by:",60,,,,,,,,
99533159,6,"whenGreenFlag,heading:,randomFrom:to:,doForever,forward:,bounceOffEdge",60,,,,,,,,
99506336,10,"whenGreenFlag,hide,wait:elapsed:from:,show,gotoX:y:,doForever,doIf,touching:,hide,changeVar:by:",60,,,,,,,,
99495187,8,"whenIReceive,doIf,&amp;,=,ypos,=,xpos,show",60,,,,,,,,
99014061,27,"whenKeyPressed,doIf,=,readVariable,wait:elapsed:from:,show,gotoX:y:,randomFrom:to:,randomFrom:to:,doUntil,|,touching:,|,touching:,touching:,changeXposBy:,doIf,=,readVariable,changeXposBy:,changeVar:by:,changeVar:by:,changeVar:by:,+,readVariable,doForever,hide",60,,,,,,,,
98831733,6,"whenGreenFlag,doForever,doIfElse,touching:,setGraphicEffect:to:,setGraphicEffect:to:",60,,,,,,,,
98435172,6,"whenGreenFlag,doForever,doIf,=,readVariable,lookLike:",60,,,,,,,,
98256709,10,"whenGreenFlag,doForever,doIf,touching:,playSound:,changeVar:by:,changeVar:by:,hide,wait:elapsed:from:,show",60,,,,,,,,
97864049,7,"whenSceneStarts,doForever,doIf,touching:,hide,broadcast:,stopScripts",60,,,,,,,,
97596111,9,"whenGreenFlag,doForever,doIf,&amp;,=,readVariable,&gt;,readVariable,setVar:to:",60,,,,,,,,
97105744,6,"whenSceneStarts,show,doForever,doIf,touching:,hide",60,,,,,,,,
96030744,6,"whenIReceive,show,wait:elapsed:from:,comeToFront,think:,setVar:to:",60,,,,,,,,
95021627,6,"whenGreenFlag,doForever,doIf,=,readVariable,hide",60,,,,,,,,
94645608,6,"whenGreenFlag,doForever,doIf,=,readVariable,hide",60,,,,,,,,
93947455,11,"whenIReceive,show,lookLike:,doForever,doIf,touching:,broadcast:,playSound:,nextCostume,wait:elapsed:from:,hide",60,,,,,,,,
81775406,7,"whenGreenFlag,show,doForever,doIf,touching:,hide,changeVar:by:",60,,,,,,,,
99583263,7,"whenGreenFlag,doForever,doIfElse,=,readVariable,show,hide",59,,,,,,,,
99573728,5,"whenIReceive,hide,doIf,touching:,show",59,,,,,,,,
99429946,10,"whenIReceive,wait:elapsed:from:,show,setVar:to:,doForever,doIf,touching:,playSound:,hide,changeVar:by:",59,,,,,,,,
99393020,10,"whenIReceive,wait:elapsed:from:,show,setVar:to:,doForever,doIf,touching:,playSound:,hide,changeVar:by:",59,,,,,,,,
99392546,10,"whenIReceive,wait:elapsed:from:,show,setVar:to:,doForever,doIf,touching:,playSound:,hide,changeVar:by:",59,,,,,,,,
99387508,10,"whenIReceive,wait:elapsed:from:,show,setVar:to:,doForever,doIf,touching:,playSound:,hide,changeVar:by:",59,,,,,,,,
99161819,10,"whenIReceive,wait:elapsed:from:,show,setVar:to:,doForever,doIf,touching:,playSound:,hide,changeVar:by:",59,,,,,,,,
98648577,12,"whenIReceive,lookLike:,readVariable,show,doForever,gotoX:y:,+,readVariable,*,+,readVariable,*",59,,,,,,,,
98578989,45,"whenGreenFlag,gotoX:y:,randomFrom:to:,randomFrom:to:,show,doForever,doIfElse,&gt;,xpos,getAttribute:of:,glideSecs:toX:y:elapsed:from:,xpos,playSound:,hide,doIfElse,touchingColor:,doIfElse,&gt;,readVariable,gotoX:y:,+,getAttribute:of:,readVariable,+,getAttribute:of:,readVariable,glideSecs:toX:y:elapsed:from:,+,xpos,randomFrom:to:,+,ypos,randomFrom:to:,changeVar:by:,randomFrom:to:,setVar:to:,-,xpos,getAttribute:of:,setVar:to:,-,ypos,getAttribute:of:,glideSecs:toX:y:elapsed:from:,xpos",59,,,,,,,,
98548476,5,"whenIReceive,hide,doIf,touching:,show",59,,,,,,,,
96821959,10,"whenIReceive,wait:elapsed:from:,show,setVar:to:,doForever,doIf,touching:,playSound:,hide,changeVar:by:",59,,,,,,,,
95468852,7,"whenGreenFlag,show,doForever,doIf,touching:,hide,broadcast:",59,,,,,,,,
95364369,5,"whenKeyPressed,doForever,doIf,touching:,hide",59,,,,,,,,
93807570,6,"whenGreenFlag,doForever,xpos:,+,readVariable,*",59,,,,,,,,
92612478,8,"whenGreenFlag,doForever,show,doWaitUntil,touching:,hide,wait:elapsed:from:,show",59,,,,,,,,
99891071,5,"whenGreenFlag,doForever,doIf,touching:,broadcast:",58,,,,,,,,
99567872,13,"whenIReceive,gotoX:y:,doIf,=,backgroundIndex,wait:elapsed:from:,broadcast:,show,doIf,=,backgroundIndex,hide,stopScripts",58,,,,,,,,
99459307,9,"whenGreenFlag,doForever,hide,setGraphicEffect:to:,gotoX:y:,wait:elapsed:from:,show,glideSecs:toX:y:elapsed:from:,hide",58,,,,,,,,
99333403,9,"whenGreenFlag,doForever,doIf,touching:,doIf,touching:,playSound:,changeVar:by:,wait:elapsed:from:",58,,,,,,,,
98844451,8,"whenGreenFlag,show,doForever,doIfElse,=,backgroundIndex,show,hide",58,,,,,,,,
98480857,5,"whenIReceive,doIf,not,touching:,hide",58,,,,,,,,
99752652,6,"whenGreenFlag,doForever,doIf,touching:,hide,changeVar:by:",57,,,,,,,,
99323103,7,"whenIReceive,show,lookLike:,doForever,changeVar:by:,readVariable,wait:elapsed:from:",57,,,,,,,,
98661571,22,"whenCloned,doForever,doIf,&amp;,not,touching:,&amp;,not,touching:,&amp;,not,touching:,&amp;,not,touching:,not,touching:,doIfElse,=,sceneName,show,hide",57,,,,,,,,
95807888,8,"whenGreenFlag,show,doForever,doIf,touching:,broadcast:,changeVar:by:,hide",57,,,,,,,,
99964641,6,"whenGreenFlag,doForever,doIf,not,touching:,setGraphicEffect:to:",56,,,,,,,,
99926351,8,"whenIReceive,gotoX:y:,show,doUntil,not,=,getAttribute:of:,changeYposBy:",56,,,,,,,,
99784833,16,"whenGreenFlag,setVar:to:,doForever,doIf,&amp;,mousePressed,touching:,doIf,=,readVariable,setVar:to:,doUntil,not,mousePressed,gotoSpriteOrMouse:,setVar:to:",56,,,,,,,,
99608947,12,"whenGreenFlag,doForever,doWaitUntil,&amp;,touching:,mousePressed,playSound:,doWaitUntil,not,&amp;,touching:,mousePressed",56,,,,,,,,
99608947,37,"whenGreenFlag,setSizeTo:,doForever,wait:elapsed:from:,doWaitUntil,&amp;,touching:,mousePressed,show,lookLike:,wait:elapsed:from:,doWaitUntil,not,&amp;,touching:,mousePressed,doWaitUntil,&amp;,touching:,mousePressed,lookLike:,wait:elapsed:from:,doWaitUntil,not,&amp;,touching:,mousePressed,doWaitUntil,&amp;,touching:,mousePressed,hide,doWaitUntil,not,&amp;,touching:,mousePressed",56,,,,,,,,
99565673,34,"whenGreenFlag,doForever,doIf,=,readVariable,setGraphicEffect:to:,doIf,=,readVariable,setGraphicEffect:to:,doIf,=,readVariable,filterReset,doIf,=,readVariable,setGraphicEffect:to:,doIf,=,readVariable,setGraphicEffect:to:,doIf,=,readVariable,setGraphicEffect:to:,doIf,=,readVariable,setGraphicEffect:to:,doIf,=,readVariable,setGraphicEffect:to:",56,,,,,,,,
99479278,16,"whenCloned,doIf,=,readVariable,doUntil,=,readVariable,wait:elapsed:from:,lookLike:,wait:elapsed:from:,nextCostume,wait:elapsed:from:,nextCostume,wait:elapsed:from:,nextCostume,wait:elapsed:from:",56,,,,,,,,
99352031,7,"whenGreenFlag,show,doWaitUntil,touching:,hide,changeVar:by:,playSound:",56,,,,,,,,
99346216,34,"whenGreenFlag,doForever,doIf,=,readVariable,setGraphicEffect:to:,doIf,=,readVariable,setGraphicEffect:to:,doIf,=,readVariable,filterReset,doIf,=,readVariable,setGraphicEffect:to:,doIf,=,readVariable,setGraphicEffect:to:,doIf,=,readVariable,setGraphicEffect:to:,doIf,=,readVariable,setGraphicEffect:to:,doIf,=,readVariable,setGraphicEffect:to:",56,,,,,,,,
99335305,34,"whenGreenFlag,doForever,doIf,=,readVariable,setGraphicEffect:to:,doIf,=,readVariable,setGraphicEffect:to:,doIf,=,readVariable,filterReset,doIf,=,readVariable,setGraphicEffect:to:,doIf,=,readVariable,setGraphicEffect:to:,doIf,=,readVariable,setGraphicEffect:to:,doIf,=,readVariable,setGraphicEffect:to:,doIf,=,readVariable,setGraphicEffect:to:",56,,,,,,,,
99008795,7,"whenGreenFlag,doForever,doIf,&amp;,keyPressed:,mousePressed,nextCostume",56,,,,,,,,
99000358,7,"whenGreenFlag,doForever,doIf,&amp;,keyPressed:,mousePressed,nextCostume",56,,,,,,,,
98927820,5,"whenGreenFlag,doForever,doIf,touching:,hide",56,,,,,,,,
98900361,7,"whenIReceive,doIf,touching:,stopScripts,lookLike:,wait:elapsed:from:,hide",56,,,,,,,,
98856228,14,"whenGreenFlag,show,doForever,doIf,touching:,playSound:,hide,changeVar:by:,randomFrom:to:,wait:elapsed:from:,gotoX:y:,randomFrom:to:,randomFrom:to:,show",56,,,,,,,,
98853050,34,"whenGreenFlag,doForever,doIf,=,readVariable,setGraphicEffect:to:,doIf,=,readVariable,setGraphicEffect:to:,doIf,=,readVariable,filterReset,doIf,=,readVariable,setGraphicEffect:to:,doIf,=,readVariable,setGraphicEffect:to:,doIf,=,readVariable,setGraphicEffect:to:,doIf,=,readVariable,setGraphicEffect:to:,doIf,=,readVariable,setGraphicEffect:to:",56,,,,,,,,
98646678,34,"whenGreenFlag,doForever,doIf,=,readVariable,setGraphicEffect:to:,doIf,=,readVariable,setGraphicEffect:to:,doIf,=,readVariable,filterReset,doIf,=,readVariable,setGraphicEffect:to:,doIf,=,readVariable,setGraphicEffect:to:,doIf,=,readVariable,setGraphicEffect:to:,doIf,=,readVariable,setGraphicEffect:to:,doIf,=,readVariable,setGraphicEffect:to:",56,,,,,,,,
98531228,9,"whenGreenFlag,doForever,doIf,not,touching:,setGraphicEffect:to:,doIf,touching:,setGraphicEffect:to:",56,,,,,,,,
98005216,34,"whenGreenFlag,doForever,doIf,=,readVariable,setGraphicEffect:to:,doIf,=,readVariable,setGraphicEffect:to:,doIf,=,readVariable,filterReset,doIf,=,readVariable,setGraphicEffect:to:,doIf,=,readVariable,setGraphicEffect:to:,doIf,=,readVariable,setGraphicEffect:to:,doIf,=,readVariable,setGraphicEffect:to:,doIf,=,readVariable,setGraphicEffect:to:",56,,,,,,,,
99964641,5,"whenGreenFlag,doForever,doIf,touching:,setGraphicEffect:to:",55,,,,,,,,
99957649,8,"whenIReceive,changeYposBy:,readVariable,doIf,&lt;,ypos,readVariable,setVar:to:",55,,,,,,,,
99957649,11,"whenIReceive,setVar:to:,changeVar:by:,broadcast:,doIfElse,=,readVariable,lookLike:,lookLike:,wait:elapsed:from:,hide",55,,,,,,,,
99957649,27,"whenIReceive,doIf,=,readVariable,doIfElse,=,%,readVariable,doIfElse,=,readVariable,lookLike:,lookLike:,doIfElse,=,readVariable,lookLike:,lookLike:,doIfElse,=,readVariable,changeXposBy:,readVariable,changeXposBy:,readVariable,setVar:to:,xpos",55,,,,,,,,
99896239,8,"whenIReceive,changeYposBy:,readVariable,doIf,&lt;,ypos,readVariable,setVar:to:",55,,,,,,,,
99896239,11,"whenIReceive,setVar:to:,changeVar:by:,broadcast:,doIfElse,=,readVariable,lookLike:,lookLike:,wait:elapsed:from:,hide",55,,,,,,,,
99896239,27,"whenIReceive,doIf,=,readVariable,doIfElse,=,%,readVariable,doIfElse,=,readVariable,lookLike:,lookLike:,doIfElse,=,readVariable,lookLike:,lookLike:,doIfElse,=,readVariable,changeXposBy:,readVariable,changeXposBy:,readVariable,setVar:to:,xpos",55,,,,,,,,
99772930,8,"whenIReceive,changeYposBy:,readVariable,doIf,&lt;,ypos,readVariable,setVar:to:",55,,,,,,,,
99772930,11,"whenIReceive,setVar:to:,changeVar:by:,broadcast:,doIfElse,=,readVariable,lookLike:,lookLike:,wait:elapsed:from:,hide",55,,,,,,,,
99772930,27,"whenIReceive,doIf,=,readVariable,doIfElse,=,%,readVariable,doIfElse,=,readVariable,lookLike:,lookLike:,doIfElse,=,readVariable,lookLike:,lookLike:,doIfElse,=,readVariable,changeXposBy:,readVariable,changeXposBy:,readVariable,setVar:to:,xpos",55,,,,,,,,
99669501,8,"whenIReceive,changeYposBy:,readVariable,doIf,&lt;,ypos,readVariable,setVar:to:",55,,,,,,,,
99669501,11,"whenIReceive,setVar:to:,changeVar:by:,broadcast:,doIfElse,=,readVariable,lookLike:,lookLike:,wait:elapsed:from:,hide",55,,,,,,,,
99669501,27,"whenIReceive,doIf,=,readVariable,doIfElse,=,%,readVariable,doIfElse,=,readVariable,lookLike:,lookLike:,doIfElse,=,readVariable,lookLike:,lookLike:,doIfElse,=,readVariable,changeXposBy:,readVariable,changeXposBy:,readVariable,setVar:to:,xpos",55,,,,,,,,
99545070,34,"whenGreenFlag,doForever,doIf,=,readVariable,setGraphicEffect:to:,doIf,=,readVariable,setGraphicEffect:to:,doIf,=,readVariable,filterReset,doIf,=,readVariable,setGraphicEffect:to:,doIf,=,readVariable,setGraphicEffect:to:,doIf,=,readVariable,setGraphicEffect:to:,doIf,=,readVariable,setGraphicEffect:to:,doIf,=,readVariable,setGraphicEffect:to:",55,,,,,,,,
99521521,8,"whenIReceive,changeYposBy:,readVariable,doIf,&lt;,ypos,readVariable,setVar:to:",55,,,,,,,,
99521521,11,"whenIReceive,setVar:to:,changeVar:by:,broadcast:,doIfElse,=,readVariable,lookLike:,lookLike:,wait:elapsed:from:,hide",55,,,,,,,,
99521521,27,"whenIReceive,doIf,=,readVariable,doIfElse,=,%,readVariable,doIfElse,=,readVariable,lookLike:,lookLike:,doIfElse,=,readVariable,lookLike:,lookLike:,doIfElse,=,readVariable,changeXposBy:,readVariable,changeXposBy:,readVariable,setVar:to:,xpos",55,,,,,,,,
99519096,8,"whenIReceive,changeYposBy:,readVariable,doIf,&lt;,ypos,readVariable,setVar:to:",55,,,,,,,,
99519096,11,"whenIReceive,setVar:to:,changeVar:by:,broadcast:,doIfElse,=,readVariable,lookLike:,lookLike:,wait:elapsed:from:,hide",55,,,,,,,,
99519096,27,"whenIReceive,doIf,=,readVariable,doIfElse,=,%,readVariable,doIfElse,=,readVariable,lookLike:,lookLike:,doIfElse,=,readVariable,lookLike:,lookLike:,doIfElse,=,readVariable,changeXposBy:,readVariable,changeXposBy:,readVariable,setVar:to:,xpos",55,,,,,,,,
99501516,12,"whenIReceive,doForever,doRepeat,wait:elapsed:from:,readVariable,forward:,changeYposBy:,doRepeat,wait:elapsed:from:,readVariable,forward:,changeYposBy:",55,,,,,,,,
99469198,7,"whenIReceive,doIf,touching:,stopScripts,lookLike:,wait:elapsed:from:,hide",55,,,,,,,,
99449574,8,"whenIReceive,changeYposBy:,readVariable,doIf,&lt;,ypos,readVariable,setVar:to:",55,,,,,,,,
99449574,11,"whenIReceive,setVar:to:,changeVar:by:,broadcast:,doIfElse,=,readVariable,lookLike:,lookLike:,wait:elapsed:from:,hide",55,,,,,,,,
99449574,27,"whenIReceive,doIf,=,readVariable,doIfElse,=,%,readVariable,doIfElse,=,readVariable,lookLike:,lookLike:,doIfElse,=,readVariable,lookLike:,lookLike:,doIfElse,=,readVariable,changeXposBy:,readVariable,changeXposBy:,readVariable,setVar:to:,xpos",55,,,,,,,,
99179549,8,"whenIReceive,changeYposBy:,readVariable,doIf,&lt;,ypos,readVariable,setVar:to:",55,,,,,,,,
99179549,11,"whenIReceive,setVar:to:,changeVar:by:,broadcast:,doIfElse,=,readVariable,lookLike:,lookLike:,wait:elapsed:from:,hide",55,,,,,,,,
99179549,27,"whenIReceive,doIf,=,readVariable,doIfElse,=,%,readVariable,doIfElse,=,readVariable,lookLike:,lookLike:,doIfElse,=,readVariable,lookLike:,lookLike:,doIfElse,=,readVariable,changeXposBy:,readVariable,changeXposBy:,readVariable,setVar:to:,xpos",55,,,,,,,,
99150251,8,"whenIReceive,changeYposBy:,readVariable,doIf,&lt;,ypos,readVariable,setVar:to:",55,,,,,,,,
99150251,11,"whenIReceive,setVar:to:,changeVar:by:,broadcast:,doIfElse,=,readVariable,lookLike:,lookLike:,wait:elapsed:from:,hide",55,,,,,,,,
99150251,27,"whenIReceive,doIf,=,readVariable,doIfElse,=,%,readVariable,doIfElse,=,readVariable,lookLike:,lookLike:,doIfElse,=,readVariable,lookLike:,lookLike:,doIfElse,=,readVariable,changeXposBy:,readVariable,changeXposBy:,readVariable,setVar:to:,xpos",55,,,,,,,,
99096653,7,"whenIReceive,doIf,touching:,stopScripts,lookLike:,wait:elapsed:from:,hide",55,,,,,,,,
99080937,8,"whenIReceive,changeYposBy:,readVariable,doIf,&lt;,ypos,readVariable,setVar:to:",55,,,,,,,,
99080937,11,"whenIReceive,setVar:to:,changeVar:by:,broadcast:,doIfElse,=,readVariable,lookLike:,lookLike:,wait:elapsed:from:,hide",55,,,,,,,,
99080937,27,"whenIReceive,doIf,=,readVariable,doIfElse,=,%,readVariable,doIfElse,=,readVariable,lookLike:,lookLike:,doIfElse,=,readVariable,lookLike:,lookLike:,doIfElse,=,readVariable,changeXposBy:,readVariable,changeXposBy:,readVariable,setVar:to:,xpos",55,,,,,,,,
99064330,8,"whenIReceive,changeYposBy:,readVariable,doIf,&lt;,ypos,readVariable,setVar:to:",55,,,,,,,,
99064330,11,"whenIReceive,setVar:to:,changeVar:by:,broadcast:,doIfElse,=,readVariable,lookLike:,lookLike:,wait:elapsed:from:,hide",55,,,,,,,,
99064330,27,"whenIReceive,doIf,=,readVariable,doIfElse,=,%,readVariable,doIfElse,=,readVariable,lookLike:,lookLike:,doIfElse,=,readVariable,lookLike:,lookLike:,doIfElse,=,readVariable,changeXposBy:,readVariable,changeXposBy:,readVariable,setVar:to:,xpos",55,,,,,,,,
98953989,8,"whenIReceive,changeYposBy:,readVariable,doIf,&lt;,ypos,readVariable,setVar:to:",55,,,,,,,,
98953989,11,"whenIReceive,setVar:to:,changeVar:by:,broadcast:,doIfElse,=,readVariable,lookLike:,lookLike:,wait:elapsed:from:,hide",55,,,,,,,,
98953989,27,"whenIReceive,doIf,=,readVariable,doIfElse,=,%,readVariable,doIfElse,=,readVariable,lookLike:,lookLike:,doIfElse,=,readVariable,lookLike:,lookLike:,doIfElse,=,readVariable,changeXposBy:,readVariable,changeXposBy:,readVariable,setVar:to:,xpos",55,,,,,,,,
98702271,16,"whenGreenFlag,doForever,changeGraphicEffect:by:,randomFrom:to:,changeGraphicEffect:by:,randomFrom:to:,changeGraphicEffect:by:,randomFrom:to:,setGraphicEffect:to:,randomFrom:to:,changeGraphicEffect:by:,randomFrom:to:,changeGraphicEffect:by:,randomFrom:to:,setGraphicEffect:to:,randomFrom:to:",55,,,,,,,,
98651936,8,"whenIReceive,changeYposBy:,readVariable,doIf,&lt;,ypos,readVariable,setVar:to:",55,,,,,,,,
98651936,11,"whenIReceive,setVar:to:,changeVar:by:,broadcast:,doIfElse,=,readVariable,lookLike:,lookLike:,wait:elapsed:from:,hide",55,,,,,,,,
98651936,27,"whenIReceive,doIf,=,readVariable,doIfElse,=,%,readVariable,doIfElse,=,readVariable,lookLike:,lookLike:,doIfElse,=,readVariable,lookLike:,lookLike:,doIfElse,=,readVariable,changeXposBy:,readVariable,changeXposBy:,readVariable,setVar:to:,xpos",55,,,,,,,,
98595110,6,"whenIReceive,lookLike:,playSound:,wait:elapsed:from:,hide,gotoX:y:",55,,,,,,,,
98590435,8,"whenIReceive,changeYposBy:,readVariable,doIf,&lt;,ypos,readVariable,setVar:to:",55,,,,,,,,
98590435,11,"whenIReceive,setVar:to:,changeVar:by:,broadcast:,doIfElse,=,readVariable,lookLike:,lookLike:,wait:elapsed:from:,hide",55,,,,,,,,
98590435,27,"whenIReceive,doIf,=,readVariable,doIfElse,=,%,readVariable,doIfElse,=,readVariable,lookLike:,lookLike:,doIfElse,=,readVariable,lookLike:,lookLike:,doIfElse,=,readVariable,changeXposBy:,readVariable,changeXposBy:,readVariable,setVar:to:,xpos",55,,,,,,,,
98573776,8,"whenIReceive,changeYposBy:,readVariable,doIf,&lt;,ypos,readVariable,setVar:to:",55,,,,,,,,
98573776,11,"whenIReceive,setVar:to:,changeVar:by:,broadcast:,doIfElse,=,readVariable,lookLike:,lookLike:,wait:elapsed:from:,hide",55,,,,,,,,
98573776,27,"whenIReceive,doIf,=,readVariable,doIfElse,=,%,readVariable,doIfElse,=,readVariable,lookLike:,lookLike:,doIfElse,=,readVariable,lookLike:,lookLike:,doIfElse,=,readVariable,changeXposBy:,readVariable,changeXposBy:,readVariable,setVar:to:,xpos",55,,,,,,,,
98432921,6,"whenGreenFlag,doForever,nextCostume,wait:elapsed:from:,forward:,turnRight:",55,,,,,,,,
98270970,7,"whenGreenFlag,setVar:to:,doForever,doIf,touching:,setVar:to:,hide",55,,,,,,,,
97777264,6,"whenGreenFlag,doIf,=,readVariable,hide,stopScripts",55,,,,,,,,
96818126,11,"whenIReceive,wait:elapsed:from:,show,doForever,doIf,&amp;,mousePressed,touching:,hide,changeVar:by:,stopScripts",55,,,,,,,,
95511079,8,"whenIReceive,changeYposBy:,readVariable,doIf,&lt;,ypos,readVariable,setVar:to:",55,,,,,,,,
95511079,11,"whenIReceive,setVar:to:,changeVar:by:,broadcast:,doIfElse,=,readVariable,lookLike:,lookLike:,wait:elapsed:from:,hide",55,,,,,,,,
95511079,27,"whenIReceive,doIf,=,readVariable,doIfElse,=,%,readVariable,doIfElse,=,readVariable,lookLike:,lookLike:,doIfElse,=,readVariable,lookLike:,lookLike:,doIfElse,=,readVariable,changeXposBy:,readVariable,changeXposBy:,readVariable,setVar:to:,xpos",55,,,,,,,,
93879002,5,"whenGreenFlag,doForever,doIf,touching:,broadcast:",55,,,,,,,,
90247756,8,"whenIReceive,changeYposBy:,readVariable,doIf,&lt;,ypos,readVariable,setVar:to:",55,,,,,,,,
90247756,27,"whenIReceive,doIf,=,readVariable,doIfElse,=,%,readVariable,doIfElse,=,readVariable,lookLike:,lookLike:,doIfElse,=,readVariable,lookLike:,lookLike:,doIfElse,=,readVariable,changeXposBy:,readVariable,changeXposBy:,readVariable,setVar:to:,xpos",55,,,,,,,,
99805588,14,"whenGreenFlag,hide,setVar:to:,doForever,doIf,touching:,wait:elapsed:from:,hide,changeVar:by:,playSound:,doIf,=,readVariable,show",54,,,,,,,,
99616170,7,"whenGreenFlag,show,doForever,doIf,touching:,hide,broadcast:",54,,,,,,,,
99554528,10,"whenIReceive,show,gotoX:y:,playSound:,doRepeat,lookLike:,wait:elapsed:from:,lookLike:,broadcast:,hide",54,,,,,,,,
99495518,8,"whenGreenFlag,show,setVar:to:,doForever,doIf,touching:,hide,changeVar:by:",54,,,,,,,,
99188955,8,"whenGreenFlag,show,doForever,gotoX:y:,doIf,touching:,hide,broadcast:",54,,,,,,,,
99013971,9,"whenGreenFlag,lookLike:,doForever,gotoX:y:,lookLike:,wait:elapsed:from:,randomFrom:to:,lookLike:,wait:elapsed:from:",54,,,,,,,,
98902972,6,"whenClicked,doIf,=,costumeIndex,doBroadcastAndWait,doBroadcastAndWait",54,,,,,,,,
98902972,6,"whenIReceive,hide,doIf,=,readVariable,doBroadcastAndWait",54,,,,,,,,
98902972,167,"whenIReceive,setVar:to:,setVar:to:,setVar:to:,setVar:to:,*,getLine:ofList:,readVariable,doUntil,|,=,readVariable,=,readVariable,doIf,=,getAttribute:of:,setVar:to:,setVar:to:,doUntil,|,=,readVariable,=,readVariable,doIf,=,readVariable,setVar:to:,setVar:to:,wait:elapsed:from:,readVariable,setVar:to:,getLine:ofList:,readVariable,doIf,not,&lt;,readVariable,changeVar:by:,broadcast:,doIf,not,&lt;,readVariable,changeVar:by:,broadcast:,doIf,not,&lt;,readVariable,changeVar:by:,broadcast:,doIf,not,&lt;,readVariable,changeVar:by:,broadcast:,doIf,not,&lt;,readVariable,changeVar:by:,broadcast:,doIf,not,&lt;,readVariable,changeVar:by:,broadcast:,doIf,not,&lt;,readVariable,changeVar:by:,broadcast:,doIf,not,&lt;,readVariable,changeVar:by:,broadcast:,doIf,not,&lt;,readVariable,changeVar:by:,broadcast:,doIf,not,&lt;,readVariable,changeVar:by:,broadcast:,doIf,not,&lt;,readVariable,changeVar:by:,broadcast:,doIf,not,&lt;,readVariable,changeVar:by:,broadcast:,doIf,not,&lt;,readVariable,changeVar:by:,broadca",54,,,,,,,,
98890749,6,"whenClicked,doIf,=,costumeIndex,doBroadcastAndWait,doBroadcastAndWait",54,,,,,,,,
98890749,6,"whenIReceive,hide,doIf,=,readVariable,doBroadcastAndWait",54,,,,,,,,
98890749,167,"whenIReceive,setVar:to:,setVar:to:,setVar:to:,setVar:to:,*,getLine:ofList:,readVariable,doUntil,|,=,readVariable,=,readVariable,doIf,=,getAttribute:of:,setVar:to:,setVar:to:,doUntil,|,=,readVariable,=,readVariable,doIf,=,readVariable,setVar:to:,setVar:to:,wait:elapsed:from:,readVariable,setVar:to:,getLine:ofList:,readVariable,doIf,not,&lt;,readVariable,changeVar:by:,broadcast:,doIf,not,&lt;,readVariable,changeVar:by:,broadcast:,doIf,not,&lt;,readVariable,changeVar:by:,broadcast:,doIf,not,&lt;,readVariable,changeVar:by:,broadcast:,doIf,not,&lt;,readVariable,changeVar:by:,broadcast:,doIf,not,&lt;,readVariable,changeVar:by:,broadcast:,doIf,not,&lt;,readVariable,changeVar:by:,broadcast:,doIf,not,&lt;,readVariable,changeVar:by:,broadcast:,doIf,not,&lt;,readVariable,changeVar:by:,broadcast:,doIf,not,&lt;,readVariable,changeVar:by:,broadcast:,doIf,not,&lt;,readVariable,changeVar:by:,broadcast:,doIf,not,&lt;,readVariable,changeVar:by:,broadcast:,doIf,not,&lt;,readVariable,changeVar:by:,broadca",54,,,,,,,,
98595110,29,"whenIReceive,gotoX:y:,lookLike:,show,doUntil,=,readVariable,doIf,=,readVariable,changeXposBy:,wait:elapsed:from:,readVariable,doIf,=,readVariable,changeXposBy:,wait:elapsed:from:,readVariable,doIf,touching:,broadcast:,broadcast:,setVar:to:,doIf,touching:,broadcast:,broadcast:,setVar:to:",54,,,,,,,,
98559912,11,"whenSceneStarts,lookLike:,show,doForever,doIf,touching:,setVar:to:,+,readVariable,hide,broadcast:",54,,,,,,,,
97601250,7,"doIf,=,readVariable,changeVar:by:,setVar:to:,setVar:to:,lookLike:",54,,,,,,,,
95964837,8,"whenGreenFlag,doForever,doRepeat,randomFrom:to:,changeXposBy:,doRepeat,randomFrom:to:,changeXposBy:",54,,,,,,,,
95348523,6,"whenIReceive,show,doForever,doIf,touching:,hide",54,,,,,,,,
94390932,8,"whenCloned,doForever,doIf,touching:,changeVar:by:,randomFrom:to:,hide,stopScripts",54,,,,,,,,
93023125,5,"whenIReceive,doIf,=,readVariable,show",54,,,,,,,,
90247756,11,"whenIReceive,setVar:to:,changeVar:by:,broadcast:,doIfElse,=,readVariable,lookLike:,lookLike:,wait:elapsed:from:,hide",54,,,,,,,,
83690494,6,"whenSceneStarts,doIfElse,=,xpos,show,hide",54,,,,,,,,
83690494,9,"whenClicked,setSizeTo:,gotoX:y:,doUntil,not,touchingColor:,doIf,touchingColor:,changeYposBy:",54,,,,,,,,
99667935,16,"whenGreenFlag,lookLike:,doForever,gotoX:y:,doIf,&amp;,touching:,mousePressed,nextCostume,comeToFront,doIfElse,=,costumeIndex,changeVar:by:,changeVar:by:,wait:elapsed:from:",53,,,,,,,,
99603388,7,"whenIReceive,doRepeat,changeGraphicEffect:by:,wait:elapsed:from:,doRepeat,changeGraphicEffect:by:,wait:elapsed:from:",53,,,,,,,,
99501516,15,"whenIReceive,gotoX:y:,changeYposBy:,readVariable,lookLike:,show,doForever,doIf,touching:,drum:duration:elapsed:from:,wait:elapsed:from:,changeVar:by:,changeVar:by:,hide,stopScripts",53,,,,,,,,
99325370,8,"whenIReceive,doIf,=,readVariable,append:toList:,changeYposBy:,lookLike:,stampCostume",53,,,,,,,,
99269858,11,"whenGreenFlag,gotoX:y:,doForever,changeYposBy:,doIf,touching:,playSound:,glideSecs:toX:y:elapsed:from:,randomFrom:to:,randomFrom:to:,say:",53,,,,,,,,
99171657,5,"whenIReceive,call,lookLike:,lookLike:,lookLike:",53,,,,,,,,
99166647,7,"whenIReceive,doRepeat,changeGraphicEffect:by:,wait:elapsed:from:,doRepeat,changeGraphicEffect:by:,wait:elapsed:from:",53,,,,,,,,
99095261,8,"whenIReceive,doIf,=,readVariable,append:toList:,changeYposBy:,lookLike:,stampCostume",53,,,,,,,,
98962136,6,"whenGreenFlag,doForever,doIf,=,readVariable,broadcast:",53,,,,,,,,
98929597,15,"whenIReceive,show,gotoX:y:,randomFrom:to:,randomFrom:to:,doIfElse,&gt;,ypos,heading:,doIf,&lt;,ypos,heading:,wait:elapsed:from:,broadcast:",53,,,,,,,,
98902005,8,"whenIReceive,doIf,=,readVariable,append:toList:,changeYposBy:,lookLike:,stampCostume",53,,,,,,,,
98900361,7,"whenIReceive,wait:elapsed:from:,show,gotoX:y:,doForever,forward:,pointTowards:",53,,,,,,,,
98595110,28,"whenIReceive,doUntil,=,readVariable,doIf,|,=,readVariable,|,=,readVariable,=,readVariable,xpos:,getAttribute:of:,ypos:,+,getAttribute:of:,doUntil,|,touching:,touching:,show,changeYposBy:,doIf,touching:,hide,gotoX:y:",53,,,,,,,,
99786550,9,"whenGreenFlag,doForever,doIf,touching:,setGraphicEffect:to:,doIf,not,touching:,setGraphicEffect:to:",52,,,,,,,,
99720805,7,"whenGreenFlag,doForever,doIf,=,readVariable,startScene,hide",52,,,,,,,,
99674452,7,"whenGreenFlag,doForever,doIf,touching:,changeVar:by:,hide,stopScripts",52,,,,,,,,
99583263,8,"whenGreenFlag,doForever,gotoX:y:,+,readVariable,*,-,readVariable",52,,,,,,,,
99547271,6,"whenGreenFlag,doForever,doIf,touching:,changeVar:by:,wait:elapsed:from:",52,,,,,,,,
99512559,11,"whenClicked,doIfElse,=,readVariable,say:duration:elapsed:from:,say:duration:elapsed:from:,lookLike:,changeVar:by:,say:duration:elapsed:from:,say:duration:elapsed:from:,lookLike:",52,,,,,,,,
99469198,7,"whenIReceive,wait:elapsed:from:,show,gotoX:y:,doForever,forward:,pointTowards:",52,,,,,,,,
99413825,6,"whenGreenFlag,doForever,turnRight:,wait:elapsed:from:,turnRight:,wait:elapsed:from:",52,,,,,,,,
99096653,7,"whenIReceive,wait:elapsed:from:,show,gotoX:y:,doForever,forward:,pointTowards:",52,,,,,,,,
98943828,7,"whenIReceive,show,doForever,doRepeat,changeSizeBy:,doRepeat,changeSizeBy:",52,,,,,,,,
98941216,10,"whenKeyPressed,doIf,touching:,hide,wait:elapsed:from:,turnRight:,randomFrom:to:,forward:,randomFrom:to:,show",52,,,,,,,,
98927820,5,"whenGreenFlag,doForever,doIf,touching:,changeVar:by:",52,,,,,,,,
98898060,7,"doForever,doRepeat,wait:elapsed:from:,randomFrom:to:,doRepeat,randomFrom:to:,createCloneOf",52,,,,,,,,
98898060,6,"whenGreenFlag,setSizeTo:,gotoX:y:,randomFrom:to:,hide,call",52,,,,,,,,
98898060,10,"whenCloned,setSizeTo:,randomFrom:to:,show,gotoX:y:,randomFrom:to:,glideSecs:toX:y:elapsed:from:,randomFrom:to:,ypos,deleteClone",52,,,,,,,,
98839591,6,"whenGreenFlag,doForever,doIf,=,readVariable,setVar:to:",52,,,,,,,,
98772508,5,"whenIReceive,show,wait:elapsed:from:,hide,broadcast:",52,,,,,,,,
98625323,7,"whenIReceive,wait:elapsed:from:,doIf,=,readVariable,startScene,playSound:",52,,,,,,,,
98489589,7,"whenGreenFlag,show,doForever,doIf,touching:,changeVar:by:,hide",52,,,,,,,,
98034927,8,"whenGreenFlag,show,doForever,doIf,touching:,wait:elapsed:from:,changeVar:by:,hide",52,,,,,,,,
97830441,5,"whenClicked,showList:,doAsk,setLine:ofList:to:,answer",52,,,,,,,,
99764989,6,"whenGreenFlag,show,doForever,doIf,touchingColor:,hide",51,,,,,,,,
99329573,83,"whenGreenFlag,gotoX:y:,doForever,doIf,|,|,|,&gt;,distanceTo:,&gt;,distanceTo:,&gt;,distanceTo:,&gt;,distanceTo:,doUntil,not,|,|,|,&gt;,distanceTo:,&gt;,distanceTo:,&gt;,distanceTo:,&gt;,distanceTo:,doIf,&amp;,&amp;,&lt;,distanceTo:,distanceTo:,&lt;,distanceTo:,distanceTo:,&lt;,distanceTo:,distanceTo:,pointTowards:,doIf,&amp;,&amp;,&lt;,distanceTo:,distanceTo:,&lt;,distanceTo:,distanceTo:,&lt;,distanceTo:,distanceTo:,pointTowards:,doIf,&amp;,&amp;,&lt;,distanceTo:,distanceTo:,&lt;,distanceTo:,distanceTo:,&lt;,distanceTo:,distanceTo:,pointTowards:,doIf,&amp;,&amp;,&lt;,distanceTo:,distanceTo:,&lt;,distanceTo:,distanceTo:,&lt;,distanceTo:,distanceTo:,pointTowards:,lookLike:,wait:elapsed:from:,lookLike:",51,,,,,,,,
99144870,6,"whenGreenFlag,heading:,randomFrom:to:,doForever,forward:,bounceOffEdge",51,,,,,,,,
99144865,6,"whenGreenFlag,heading:,randomFrom:to:,doForever,forward:,bounceOffEdge",51,,,,,,,,
99025769,9,"whenGreenFlag,gotoX:y:,hide,wait:elapsed:from:,show,wait:elapsed:from:,doForever,changeGraphicEffect:by:,wait:elapsed:from:",51,,,,,,,,
98739300,5,"whenIReceive,show,gotoX:y:,wait:elapsed:from:,hide",51,,,,,,,,
98604228,9,"whenGreenFlag,heading:,doForever,forward:,doIf,touching:,turnRight:,randomFrom:to:,forward:",51,,,,,,,,
98524155,7,"whenGreenFlag,doForever,doIf,touching:,lookLike:,wait:elapsed:from:,lookLike:",51,,,,,,,,
98480857,5,"whenKeyPressed,doIf,not,touching:,hide",51,,,,,,,,
98471163,7,"whenIReceive,show,doForever,doIf,touching:,hide,changeVar:by:",51,,,,,,,,
97451764,7,"whenGreenFlag,doForever,doIf,touching:,hide,changeVar:by:,playSound:",51,,,,,,,,
99742721,6,"whenGreenFlag,show,doForever,doIf,touching:,hide",50,,,,,,,,
99720805,7,"whenGreenFlag,doForever,doIf,touching:,playSound:,changeVar:by:,hide",50,,,,,,,,
99711551,10,"whenGreenFlag,show,doUntil,touching:,forward:,bounceOffEdge,changeGraphicEffect:by:,changeVar:by:,hide,stopScripts",50,,,,,,,,
99502383,23,"whenGreenFlag,hide,wait:elapsed:from:,randomFrom:to:,show,gotoX:y:,randomFrom:to:,doForever,lookLike:,changeYposBy:,randomFrom:to:,doIf,touching:,playSound:,lookLike:,wait:elapsed:from:,gotoX:y:,randomFrom:to:,doIf,touching:,playSound:,gotoX:y:,randomFrom:to:",50,,,,,,,,
99329449,7,"whenGreenFlag,gotoX:y:,heading:,randomFrom:to:,doForever,forward:,bounceOffEdge",50,,,,,,,,
99162730,6,"whenGreenFlag,gotoX:y:,heading:,doForever,bounceOffEdge,forward:",50,,,,,,,,
99162730,11,"whenGreenFlag,doForever,doIf,touching:,playSound:,turnRight:,randomFrom:to:,forward:,wait:elapsed:from:,doIf,stopScripts",50,,,,,,,,
99162421,5,"whenGreenFlag,setVar:to:,doForever,forward:,bounceOffEdge",50,,,,,,,,
99162421,6,"whenGreenFlag,doForever,doIf,touching:,changeVar:by:,hide",50,,,,,,,,
98926732,5,"whenGreenFlag,doForever,nextCostume,changeGraphicEffect:by:,changeGraphicEffect:by:",50,,,,,,,,
98902972,7,"whenIReceive,gotoX:y:,lookLike:,setSizeTo:,readVariable,comeToFront,show",50,,,,,,,,
98890749,7,"whenIReceive,gotoX:y:,lookLike:,setSizeTo:,readVariable,comeToFront,show",50,,,,,,,,
98661959,7,"whenGreenFlag,gotoX:y:,heading:,randomFrom:to:,doForever,forward:,bounceOffEdge",50,,,,,,,,
98632351,34,"whenGreenFlag,doForever,doIf,=,readVariable,setGraphicEffect:to:,doIf,=,readVariable,setGraphicEffect:to:,doIf,=,readVariable,filterReset,doIf,=,readVariable,setGraphicEffect:to:,doIf,=,readVariable,setGraphicEffect:to:,doIf,=,readVariable,setGraphicEffect:to:,doIf,=,readVariable,setGraphicEffect:to:,doIf,=,readVariable,setGraphicEffect:to:",50,,,,,,,,
98614557,6,"whenGreenFlag,doForever,doIf,=,readVariable,hide",50,,,,,,,,
98119617,6,"whenGreenFlag,doForever,doIf,touching:,hide,stopScripts",50,,,,,,,,
97581408,20,"whenGreenFlag,hide,doWaitUntil,=,readVariable,wait:elapsed:from:,setSizeTo:,heading:,show,doForever,doIf,touching:,broadcast:,doRepeat,changeGraphicEffect:by:,changeGraphicEffect:by:,changeSizeBy:,turnRight:,hide,changeVar:by:",50,,,,,,,,
97179504,7,"whenGreenFlag,doForever,doIf,touching:,playSound:,changeVar:by:,hide",50,,,,,,,,
